t_ms,phi_deg,ank_deg,alpha_deg,del_cmd_deg,del_now_deg
,,,,,
,,,,,
,,,,,
,,,,,
,,,,,
,,,,,
,,,,,
,,,,,
,,,,,
,,,,,
,,,,,
,,,,,
,,,,,
,,,,,
,,,,,
,,,,,
,,,,,
,,,,,
,,,,,
,,,,,
,,,,,
,,,,,
,,,,,
,,,,,
,,,,,
,,,,,
,,,,,
,,,,,
,,,,,
,,,,,
,,,,,
,,,,,
,,,,,
,,,,,
,,,,,
,,,,,
,,,,,
,,,,,
,,,,,
,,,,,
,,,,,
,,,,,
,,,,,
,,,,,
,,,,,
,,,,,
,,,,,
,,,,,
,,,,,
,,,,,
,,,,,
,,,,,
,,,,,
,,,,,
,,,,,
,,,,,
,,,,,
,,,,,
,,,,,
,,,,,
,,,,,
,,,,,
,,,,,
,,,,,
,,,,,
,,,,,
,,,,,
,,,,,
,,,,,
,,,,,
,,,,,
,,,,,
,,,,,
,,,,,
,,,,,
,,,,,
,,,,,
,,,,,
,,,,,
,,,,,
,,,,,
,,,,,
,,,,,
,,,,,
,,,,,
,,,,,
,,,,,
,,,,,
,,,,,
,,,,,
,,,,,
,,,,,
,,,,,
,,,,,
,,,,,
,,,,,
,,,,,
,,,,,
,,,,,
,,,,,
,,,,,
,,,,,
,,,,,
,,,,,
,,,,,
,,,,,
,,,,,
,,,,,
,,,,,
,,,,,
,,,,,
,,,,,
,,,,,
,,,,,
,,,,,
,,,,,
,,,,,
,,,,,
,,,,,
,,,,,
,,,,,
,,,,,
,,,,,
,,,,,
,,,,,
,,,,,
,,,,,
,,,,,
,,,,,
,,,,,
,,,,,
,,,,,
,,,,,
,,,,,
,,,,,
,,,,,
,,,,,
,,,,,
,,,,,
,,,,,
,,,,,
,,,,,
,,,,,
,,,,,
,,,,,
,,,,,
,,,,,
,,,,,
,,,,,
,,,,,
,,,,,
,,,,,
,,,,,
,,,,,
,,,,,
,,,,,
,,,,,
,,,,,
,,,,,
,,,,,
,,,,,
,,,,,
,,,,,
,,,,,
,,,,,
,,,,,
,,,,,
,,,,,
,,,,,
,,,,,
,,,,,
,,,,,
,,,,,
,,,,,
,,,,,
,,,,,
,,,,,
,,,,,
,,,,,
,,,,,
,,,,,
,,,,,
,,,,,
,,,,,
,,,,,
,,,,,
,,,,,
,,,,,
,,,,,
,,,,,
,,,,,
,,,,,
,,,,,
,,,,,
,,,,,
,,,,,
,,,,,
,,,,,
,,,,,
,,,,,
,,,,,
,,,,,
,,,,,
,,,,,
,,,,,
,,,,,
,,,,,
,,,,,
,,,,,
,,,,,
,,,,,
,,,,,
,,,,,
,,,,,
,,,,,
,,,,,
,,,,,
,,,,,
,,,,,
,,,,,
,,,,,
,,,,,
,,,,,
,,,,,
,,,,,
,,,,,
,,,,,
,,,,,
,,,,,
,,,,,
,,,,,
,,,,,
,,,,,
,,,,,
,,,,,
,,,,,
,,,,,
,,,,,
,,,,,
,,,,,
,,,,,
,,,,,
,,,,,
,,,,,
,,,,,
,,,,,
,,,,,
,,,,,
,,,,,
,,,,,
,,,,,
,,,,,
,,,,,
,,,,,
,,,,,
,,,,,
,,,,,
,,,,,
,,,,,
,,,,,
,,,,,
,,,,,
,,,,,
,,,,,
,,,,,
,,,,,
,,,,,
,,,,,
,,,,,
,,,,,
,,,,,
,,,,,
,,,,,
,,,,,
,,,,,
,,,,,
,,,,,
,,,,,
,,,,,
,,,,,
,,,,,
,,,,,
,,,,,
,,,,,
,,,,,
,,,,,
,,,,,
,,,,,
,,,,,
,,,,,
,,,,,
,,,,,
,,,,,
,,,,,
,,,,,
,,,,,
,,,,,
,,,,,
,,,,,
,,,,,
,,,,,
,,,,,
,,,,,
,,,,,
,,,,,
,,,,,
,,,,,
,,,,,
,,,,,
,,,,,
,,,,,
,,,,,
,,,,,
,,,,,
,,,,,
,,,,,
,,,,,
,,,,,
,,,,,
,,,,,
,,,,,
,,,,,
,,,,,
,,,,,
,,,,,
,,,,,
,,,,,
,,,,,
,,,,,
,,,,,
,,,,,
,,,,,
,,,,,
,,,,,
,,,,,
,,,,,
,,,,,
,,,,,
,,,,,
,,,,,
,,,,,
,,,,,
,,,,,
,,,,,
,,,,,
,,,,,
,,,,,
,,,,,
,,,,,
,,,,,
,,,,,
,,,,,
,,,,,
,,,,,
,,,,,
,,,,,
,,,,,
,,,,,
,,,,,
,,,,,
,,,,,
,,,,,
,,,,,
,,,,,
,,,,,
,,,,,
,,,,,
,,,,,
,,,,,
,,,,,
,,,,,
,,,,,
,,,,,
,,,,,
,,,,,
,,,,,
,,,,,
,,,,,
,,,,,
,,,,,
,,,,,
,,,,,
,,,,,
,,,,,
,,,,,
,,,,,
,,,,,
,,,,,
,,,,,
,,,,,
,,,,,
,,,,,
,,,,,
,,,,,
,,,,,
,,,,,
,,,,,
,,,,,
,,,,,
,,,,,
,,,,,
,,,,,
,,,,,
,,,,,
,,,,,
,,,,,
,,,,,
,,,,,
,,,,,
,,,,,
,,,,,
,,,,,
,,,,,
,,,,,
,,,,,
,,,,,
,,,,,
,,,,,
,,,,,
,,,,,
,,,,,
,,,,,
,,,,,
,,,,,
,,,,,
,,,,,
,,,,,
,,,,,
,,,,,
,,,,,
,,,,,
,,,,,
,,,,,
,,,,,
,,,,,
,,,,,
,,,,,
,,,,,
,,,,,
,,,,,
,,,,,
,,,,,
,,,,,
,,,,,
,,,,,
,,,,,
,,,,,
,,,,,
,,,,,
,,,,,
,,,,,
,,,,,
,,,,,
,,,,,
,,,,,
,,,,,
,,,,,
,,,,,
,,,,,
,,,,,
,,,,,
,,,,,
,,,,,
,,,,,
,,,,,
,,,,,
,,,,,
,,,,,
,,,,,
,,,,,
,,,,,
,,,,,
,,,,,
,,,,,
,,,,,
,,,,,
,,,,,
,,,,,
,,,,,
,,,,,
,,,,,
,,,,,
,,,,,
,,,,,
,,,,,
,,,,,
,,,,,
,,,,,
,,,,,
,,,,,
,,,,,
,,,,,
,,,,,
,,,,,
,,,,,
,,,,,
,,,,,
,,,,,
,,,,,
,,,,,
,,,,,
,,,,,
,,,,,
,,,,,
,,,,,
,,,,,
,,,,,
,,,,,
,,,,,
,,,,,
,,,,,
,,,,,
385167,0.022,3.538,3.56,10,9.141
385177,0,3.252,3.252,10,9.141
385187,0.066,3.406,3.472,10,9.053
385197,0.088,3.494,3.582,10,9.053
385207,0.022,3.669,3.691,10,9.141
385217,0.022,3.713,3.735,10,9.141
385227,0.11,3.779,3.889,10,9.053
385237,0.022,3.384,3.406,10,9.141
385247,0.066,3.274,3.34,10,9.053
385257,0.088,3.669,3.757,10,9.053
385267,0.022,3.384,3.406,10,9.141
385277,0.088,3.691,3.779,10,9.141
385287,0.022,3.23,3.252,10,9.053
385297,0.066,3.56,3.625,10,9.141
385307,0.132,3.494,3.625,10,9.053
385317,0.044,3.274,3.318,10,9.053
385327,0.066,3.669,3.735,10,9.053
385337,0.088,3.625,3.713,10,9.141
385347,0.132,3.384,3.516,10,9.053
385357,0.044,3.296,3.34,10,9.141
385367,0.066,3.647,3.713,10,9.141
385377,0.044,3.384,3.428,10,9.141
385387,0.066,3.494,3.56,10,9.053
385397,0.066,3.845,3.911,10,9.141
385407,0.088,3.691,3.779,10,9.141
385417,0.11,3.647,3.757,10,9.141
385427,0.11,3.582,3.691,10,9.141
385437,0.044,3.428,3.472,10,9.141
385447,0.088,3.406,3.494,10,9.053
385457,0.11,3.406,3.516,10,9.141
385467,0.11,3.472,3.582,10,9.053
385477,0.066,3.252,3.318,10,9.053
385487,0.132,3.538,3.669,10,9.053
385497,0.044,3.713,3.757,10,9.141
385507,0.132,3.735,3.867,10,9.141
385517,0.11,3.45,3.56,10,9.141
385527,0.066,3.274,3.34,10,9.053
385537,0.154,3.23,3.384,10,9.141
385547,0.11,3.823,3.933,10,9.141
385557,0.11,3.757,3.867,10,9.141
385567,0.088,3.911,3.999,10,9.141
385577,0.132,3.582,3.713,10,9.053
385587,0.154,3.406,3.56,10,9.141
385597,0.044,3.098,3.142,10,9.141
385607,0.11,3.669,3.779,10,9.053
385617,0.088,3.735,3.823,10,9.053
385627,0.11,3.384,3.494,10,9.141
385637,0.11,3.823,3.933,10,9.053
385647,0.176,3.472,3.647,10,9.141
385657,0.132,3.274,3.406,10,9.141
385667,0.044,3.34,3.384,10,9.053
385677,0.132,3.625,3.757,10,9.053
385687,0.11,3.625,3.735,10,9.141
385697,0.11,3.428,3.538,10,9.141
385707,0.11,3.23,3.34,10,9.141
385717,0.044,3.669,3.713,10,9.141
385727,0.066,3.845,3.911,10,9.141
385737,0.044,3.406,3.45,10,9.053
385747,0.066,3.823,3.889,10,9.053
385757,0.11,3.823,3.933,10,9.053
385767,0.088,3.669,3.757,10,9.141
385777,0.066,3.362,3.428,10,9.141
385787,0.088,3.538,3.625,10,9.141
385797,0.132,3.45,3.582,10,9.053
385807,0.132,3.647,3.779,10,9.053
385817,0.11,3.604,3.713,10,9.053
385827,0.11,3.318,3.428,10,9.141
385837,0.132,3.625,3.757,10,9.141
385847,0.11,3.428,3.538,10,9.053
385857,0.11,3.823,3.933,10,9.141
385867,0.088,3.516,3.604,10,9.141
385877,0.088,3.494,3.582,10,9.141
385887,0.066,3.669,3.735,10,9.053
385897,0.132,3.208,3.34,10,9.141
385907,0.088,3.538,3.625,10,9.053
385917,0.11,3.757,3.867,10,9.053
385927,0.088,3.713,3.801,10,9.141
385937,0.11,3.604,3.713,10,9.141
385947,0.044,3.406,3.45,10,9.141
385957,0.066,3.538,3.604,10,9.053
385967,0.088,3.538,3.625,10,9.141
385977,0.11,3.538,3.647,10,9.053
385987,0.11,3.691,3.801,10,9.141
385997,0.022,3.45,3.472,10,9.053
386007,0.088,3.604,3.691,10,9.141
386017,0.066,3.625,3.691,10,9.141
386027,0.022,3.208,3.23,10,9.141
386037,0.066,3.735,3.801,10,9.141
386047,0.022,3.34,3.362,10,9.053
386057,0.044,3.318,3.362,10,9.141
386067,0.044,3.076,3.12,10,9.141
386077,0.088,3.274,3.362,10,9.053
386087,0.066,3.186,3.252,10,9.141
386097,0,3.296,3.296,10,9.141
386107,0.022,3.362,3.384,10,9.053
386117,0.022,3.472,3.494,10,9.141
386127,0.044,3.494,3.538,10,9.053
386137,0.088,3.538,3.625,10,9.141
386147,0.022,3.538,3.56,10,9.141
386157,0.088,3.274,3.362,10,9.141
386167,0.044,3.362,3.406,10,9.053
386177,0.066,3.428,3.494,10,9.141
386187,0.088,3.582,3.669,10,9.141
386197,0.066,3.691,3.757,10,9.141
386207,0.022,3.933,3.955,10,9.141
386217,0.066,3.757,3.823,10,9.141
386227,0,3.625,3.625,10,9.141
386237,0.066,3.735,3.801,10,9.141
386247,-0.066,3.516,3.45,10,9.141
386257,-0.022,3.625,3.604,10,9.053
386267,0,3.45,3.45,10,9.053
386277,0.066,3.516,3.582,10,9.141
386287,0,3.669,3.669,10,9.141
386297,-0.066,3.56,3.494,10,9.141
386307,-0.044,3.428,3.384,10,9.141
386317,0.022,3.889,3.911,10,9.141
386327,-0.044,3.647,3.604,10,9.053
386337,-0.044,3.384,3.34,10,9.053
386347,0,3.604,3.604,10,9.141
386357,-0.066,3.604,3.538,10,9.053
386367,0.066,3.494,3.56,10,9.053
386377,0.022,3.669,3.691,10,9.141
386387,-0.044,3.45,3.406,10,9.141
386397,0,3.274,3.274,10,9.053
386407,0,3.12,3.12,10,9.141
386417,-0.022,3.538,3.516,10,9.141
386427,-0.044,3.713,3.669,10,9.053
386437,0.066,3.582,3.647,10,9.141
386447,-0.022,3.494,3.472,10,9.141
386457,-0.044,3.01,2.966,10,9.141
386467,-0.022,3.604,3.582,10,9.141
386477,0.044,3.45,3.494,10,9.141
386487,-0.022,3.318,3.296,10,9.141
386497,-0.066,3.384,3.318,10,9.141
386507,0.044,3.428,3.472,10,9.053
386517,0,3.823,3.823,10,9.141
386527,-0.022,3.516,3.494,10,9.141
386537,-0.022,3.274,3.252,10,9.141
386547,-0.044,3.582,3.538,10,9.053
386557,-0.044,3.516,3.472,10,9.053
386567,-0.022,3.735,3.713,10,9.053
386577,0,3.384,3.384,10,9.141
386587,-0.022,3.318,3.296,10,9.141
386597,0,3.669,3.669,10,9.141
386607,0,3.406,3.406,10,9.053
386617,-0.022,3.823,3.801,10,9.141
386627,-0.022,3.34,3.318,10,9.141
386637,-0.044,3.713,3.669,10,9.053
386647,0,3.691,3.691,10,9.141
386657,0.022,3.801,3.823,10,9.141
386667,0.044,3.582,3.625,10,9.053
386677,0.044,3.274,3.318,10,9.141
386687,-0.066,3.428,3.362,10,9.141
386697,0.022,3.362,3.384,10,9.141
386707,-0.022,3.647,3.625,10,9.053
386717,-0.022,3.384,3.362,10,9.053
386727,0.044,3.713,3.757,10,9.141
386737,-0.044,3.296,3.252,10,9.053
386747,0.022,3.538,3.56,10,9.141
386757,-0.022,3.691,3.669,10,9.141
386767,0.022,3.911,3.933,10,9.141
386777,-0.022,3.384,3.362,10,9.141
386787,-0.022,3.669,3.647,10,9.141
386797,0,3.45,3.45,10,9.141
386807,-0.066,3.428,3.362,10,9.141
386817,-0.044,3.054,3.01,10,9.141
386827,0,3.296,3.296,10,9.141
386837,-0.044,3.318,3.274,10,9.141
386847,-0.044,3.428,3.384,10,9.141
386857,-0.066,3.208,3.142,10,9.141
386867,-0.022,3.45,3.428,10,9.141
386877,-0.022,3.56,3.538,10,9.141
386887,0,3.472,3.472,10,9.141
386897,0,3.362,3.362,10,9.141
386907,0.044,3.34,3.384,10,9.053
386917,0,3.56,3.56,10,9.053
386927,-0.022,3.735,3.713,10,9.141
386937,-0.022,3.538,3.516,10,9.053
386947,0.022,3.428,3.45,10,9.141
386957,0.044,3.604,3.647,10,9.053
386967,0,3.713,3.713,10,9.141
386977,0,3.362,3.362,10,9.141
386987,0.044,3.406,3.45,10,9.141
386997,0.044,3.45,3.494,10,9.053
387007,0.044,3.472,3.516,10,9.053
387017,0.044,3.252,3.296,10,9.141
387027,0.022,3.12,3.142,10,9.141
387037,0.022,3.538,3.56,10,9.053
387047,0.044,3.142,3.186,10,9.053
387057,0.044,3.647,3.691,10,9.141
387067,0,3.625,3.625,10,9.141
387077,0.022,3.933,3.955,10,9.141
387087,0,3.428,3.428,10,9.053
387097,0,3.604,3.604,10,9.141
387107,0.066,3.735,3.801,10,9.053
387117,0.044,3.34,3.384,10,9.141
387127,0.022,3.582,3.604,10,9.141
387137,0.022,3.56,3.582,10,9.141
387147,0.066,3.625,3.691,10,9.053
387157,0.066,3.494,3.56,10,9.141
387167,-0.022,3.45,3.428,10,9.053
387177,0.022,3.494,3.516,10,9.053
387187,0.022,3.494,3.516,10,9.053
387197,0.022,3.757,3.779,10,9.053
387207,0.066,3.472,3.538,10,9.141
387217,0.066,3.076,3.142,10,9.141
387227,0.066,3.186,3.252,10,9.053
387237,0.11,3.142,3.252,10,9.141
387247,0.044,3.318,3.362,10,9.053
387257,0.066,3.604,3.669,10,9.141
387267,0.066,3.45,3.516,10,9.141
387277,0.066,3.142,3.208,10,9.141
387287,0.11,3.757,3.867,10,9.141
387297,0.066,3.34,3.406,10,9.053
387307,0.11,3.516,3.625,10,9.141
387317,0.132,3.472,3.604,10,9.053
387327,0.066,3.735,3.801,10,9.053
387337,0.11,3.779,3.889,10,9.141
387347,0.11,3.274,3.384,10,9.141
387357,0.066,3.911,3.977,10,9.141
387367,0.11,3.582,3.691,10,9.053
387377,0.088,3.362,3.45,10,9.141
387387,0.132,3.779,3.911,10,9.053
387397,0.088,3.406,3.494,10,9.141
387407,0.066,3.472,3.538,10,9.053
387417,0.088,3.34,3.428,10,9.141
387427,0.066,3.604,3.669,10,9.141
387437,0.088,3.604,3.691,10,9.141
387447,0.088,3.647,3.735,10,9.141
387457,0.066,3.142,3.208,10,9.141
387467,0.132,3.538,3.669,10,9.141
387477,0.11,3.691,3.801,10,9.053
387487,0.022,3.384,3.406,10,9.141
387497,0.088,3.516,3.604,10,9.141
387507,0.066,3.647,3.713,10,9.141
387517,0.044,3.384,3.428,10,9.141
387527,0.044,3.208,3.252,10,9.141
387537,0.11,3.889,3.999,10,9.141
387547,0.088,3.516,3.604,10,9.141
387557,0.066,3.318,3.384,10,9.141
387567,0.11,3.054,3.164,10,9.053
387577,0.088,3.076,3.164,10,9.141
387587,0.176,3.625,3.801,10,9.053
387597,0.132,3.34,3.472,10,9.141
387607,0.088,3.472,3.56,10,9.053
387617,0.088,3.669,3.757,10,9.053
387627,0.088,3.208,3.296,10,9.141
387637,0.132,3.604,3.735,10,9.141
387647,0.066,3.604,3.669,10,9.141
387657,0.11,3.56,3.669,10,9.141
387667,0.066,3.625,3.691,10,9.053
387677,0.11,3.252,3.362,10,9.141
387687,0.11,3.45,3.56,10,9.053
387697,0.066,3.604,3.669,10,9.053
387707,0.066,3.757,3.823,10,9.141
387717,0.11,3.538,3.647,10,9.141
387727,0.11,3.34,3.45,10,9.141
387737,0.11,3.779,3.889,10,9.053
387747,0.066,3.538,3.604,10,9.053
387757,0.088,3.516,3.604,10,9.053
387767,0.11,3.34,3.45,10,9.141
387777,0.066,3.384,3.45,10,9.053
387787,0.11,3.428,3.538,10,9.141
387797,0.022,3.472,3.494,10,9.141
387807,0.022,3.428,3.45,10,9.053
387817,0.132,3.757,3.889,10,9.141
387827,0.022,3.23,3.252,10,9.141
387837,0.066,3.757,3.823,10,9.053
387847,0.11,3.428,3.538,10,9.141
387857,0.044,3.933,3.977,10,9.053
387867,0.11,3.45,3.56,10,9.141
387877,0.11,3.691,3.801,10,9.141
387887,0.088,3.538,3.625,10,9.141
387897,0.066,3.604,3.669,10,9.141
387907,0,3.45,3.45,10,9.141
387917,0.11,3.076,3.186,10,9.141
387927,0.066,3.208,3.274,10,9.141
387937,0.066,3.472,3.538,10,9.053
387947,0.066,3.735,3.801,10,9.053
387957,0.088,3.647,3.735,10,9.141
387967,0,3.735,3.735,10,9.141
387977,0.11,3.56,3.669,10,9.141
387987,0.088,3.494,3.582,10,9.141
387997,0,3.494,3.494,10,9.141
388007,0.066,3.713,3.779,10,9.141
388017,0.044,3.208,3.252,10,9.141
388027,0.066,3.318,3.384,10,9.141
388037,0,3.274,3.274,10,9.141
388047,-0.044,3.362,3.318,10,9.053
388057,0.022,3.494,3.516,10,9.053
388067,0.044,3.538,3.582,10,9.141
388077,0.022,3.669,3.691,10,9.141
388087,0,3.801,3.801,10,9.141
388097,0.066,3.274,3.34,10,9.053
388107,-0.044,3.56,3.516,10,9.053
388117,-0.044,3.647,3.604,10,9.053
388127,0.022,3.208,3.23,10,9.053
388137,-0.022,3.669,3.647,10,9.141
388147,0,3.516,3.516,10,9.141
388157,-0.022,3.516,3.494,10,9.141
388167,-0.044,3.34,3.296,10,9.141
388177,0.044,3.713,3.757,10,9.141
388187,-0.022,3.428,3.406,10,9.053
388197,-0.022,3.494,3.472,10,9.141
388207,0.022,3.406,3.428,10,9.141
388217,-0.022,3.669,3.647,10,9.053
388227,0.022,3.34,3.362,10,9.053
388237,0,3.779,3.779,10,9.141
388247,0,3.494,3.494,10,9.141
388257,0,3.669,3.669,10,9.053
388267,-0.044,3.516,3.472,10,9.053
388277,0.022,3.713,3.735,10,9.141
388287,0,3.318,3.318,10,9.053
388297,-0.022,3.45,3.428,10,9.141
388307,0.066,3.164,3.23,10,9.141
388317,0.022,3.867,3.889,10,9.141
388327,-0.044,3.142,3.098,10,9.141
388337,-0.022,3.538,3.516,10,9.141
388347,0.066,3.34,3.406,10,9.053
388357,-0.044,3.208,3.164,10,9.141
388367,0.088,3.669,3.757,10,9.053
388377,-0.022,3.362,3.34,10,9.053
388387,0.066,3.757,3.823,10,9.141
388397,0,3.669,3.669,10,9.141
388407,-0.022,3.01,2.988,10,9.141
388417,0,3.362,3.362,10,9.141
388427,-0.022,3.538,3.516,10,9.141
388437,0.022,3.691,3.713,10,9.141
388447,-0.022,3.142,3.12,10,9.053
388457,-0.022,3.362,3.34,10,9.141
388467,0,3.032,3.032,10,9.141
388477,0,3.625,3.625,10,9.053
388487,-0.066,3.384,3.318,10,9.053
388497,0.022,3.384,3.406,10,9.053
388507,-0.066,3.362,3.296,10,9.141
388517,0.022,3.142,3.164,10,9.141
388527,0.022,3.955,3.977,10,9.053
388537,0,3.538,3.538,10,9.141
388547,0,3.252,3.252,10,9.141
388557,0.066,3.384,3.45,10,9.053
388567,0,3.538,3.538,10,9.141
388577,-0.022,3.384,3.362,10,9.053
388587,0.044,3.428,3.472,10,9.141
388597,0,3.867,3.867,10,9.141
388607,0.022,3.098,3.12,10,9.141
388617,0.044,3.406,3.45,10,9.141
388627,-0.022,3.45,3.428,10,9.141
388637,-0.044,3.582,3.538,10,9.141
388647,0.022,3.625,3.647,10,9.053
388657,0,3.757,3.757,10,9.053
388667,0,3.647,3.647,10,9.141
388677,0.044,3.538,3.582,10,9.141
388687,-0.022,3.823,3.801,10,9.141
388697,0.022,3.384,3.406,10,9.053
388707,0,3.538,3.538,10,9.141
388717,0.022,3.428,3.45,10,9.141
388727,-0.044,3.713,3.669,10,9.053
388737,0,3.713,3.713,10,9.053
388747,-0.066,3.625,3.56,10,9.141
388757,0.044,3.428,3.472,10,9.141
388767,-0.044,3.516,3.472,10,9.141
388777,-0.022,3.12,3.098,10,9.141
388787,-0.022,3.823,3.801,10,9.141
388797,0.044,3.779,3.823,10,9.053
388807,0,3.604,3.604,10,9.141
388817,0.044,3.582,3.625,10,9.053
,,,,,
,,,,,
,,,,,
,,,,,
,,,,,
,,,,,
,,,,,
,,,,,
,,,,,
,,,,,
,,,,,
,,,,,
,,,,,
,,,,,
,,,,,
,,,,,
,,,,,
,,,,,
,,,,,
,,,,,
,,,,,
,,,,,
,,,,,
,,,,,
,,,,,
,,,,,
,,,,,
,,,,,
,,,,,
,,,,,
,,,,,
,,,,,
,,,,,
,,,,,
,,,,,
,,,,,
,,,,,
,,,,,
,,,,,
,,,,,
,,,,,
,,,,,
,,,,,
,,,,,
,,,,,
,,,,,
,,,,,
,,,,,
,,,,,
,,,,,
,,,,,
,,,,,
,,,,,
,,,,,
,,,,,
,,,,,
,,,,,
395536,0.132,7.427,7.559,20,18.545
395546,0.066,6.965,7.031,20,18.545
395556,0.044,7.515,7.559,20,18.545
395566,0.132,7.932,8.064,20,18.545
395576,0.11,7.69,7.8,20,18.545
395586,0.11,7.427,7.537,20,18.545
395596,0.088,7.646,7.734,20,18.545
395606,0.11,7.844,7.954,20,18.545
395616,0.11,7.449,7.559,20,18.545
395626,0.066,7.515,7.581,20,18.545
395636,0.066,7.734,7.8,20,18.545
395646,0.044,7.734,7.778,20,18.545
395656,0.132,7.493,7.625,20,18.545
395666,0.11,7.449,7.559,20,18.545
395676,0.066,7.668,7.734,20,18.545
395686,0.066,7.229,7.295,20,18.545
395696,0.044,7.603,7.646,20,18.545
395706,0.066,7.581,7.646,20,18.545
395716,0.132,7.031,7.163,20,18.545
395726,0.132,6.768,6.899,20,18.545
395736,0.088,7.778,7.866,20,18.545
395746,0.154,7.515,7.668,20,18.545
395756,0.154,7.185,7.339,20,18.545
395766,0.132,7.427,7.559,20,18.545
395776,0.132,7.646,7.778,20,18.545
395786,0.132,7.075,7.207,20,18.545
395796,0.022,7.668,7.69,20,18.545
395806,0.11,7.163,7.273,20,18.545
395816,0.044,7.888,7.932,20,18.545
395826,0.088,7.251,7.339,20,18.545
395836,0.088,7.954,8.042,20,18.545
395846,0.132,7.295,7.427,20,18.545
395856,0.11,7.581,7.69,20,18.545
395866,0.088,7.559,7.646,20,18.545
395876,0.066,7.537,7.603,20,18.545
395886,0.088,7.603,7.69,20,18.545
395896,0.066,7.273,7.339,20,18.545
395906,0.066,7.734,7.8,20,18.545
395916,0.066,7.383,7.449,20,18.545
395926,0,7.273,7.273,20,18.545
395936,0.11,7.339,7.449,20,18.545
395946,0.11,7.405,7.515,20,18.545
395956,0.066,7.251,7.317,20,18.545
395966,0.044,7.427,7.471,20,18.545
395976,0.066,7.207,7.273,20,18.545
395986,0.066,7.581,7.646,20,18.545
395996,0.044,8.086,8.13,20,18.545
396006,0.132,7.625,7.756,20,18.545
396016,0.044,7.427,7.471,20,18.545
396026,0.044,7.427,7.471,20,18.545
396036,0.044,7.119,7.163,20,18.545
396046,0.088,7.427,7.515,20,18.545
396056,0.132,7.471,7.603,20,18.545
396066,0.132,7.515,7.646,20,18.545
396076,0.11,7.163,7.273,20,18.545
396086,0.066,8.24,8.306,20,18.545
396096,0.066,7.756,7.822,20,18.545
396106,0.066,7.119,7.185,20,18.545
396116,0.11,7.471,7.581,20,18.545
396126,0.044,7.69,7.734,20,18.545
396136,0.11,7.668,7.778,20,18.545
396146,0.11,7.075,7.185,20,18.545
396156,0.066,7.251,7.317,20,18.545
396166,0.044,7.493,7.537,20,18.545
396176,0.066,7.229,7.295,20,18.545
396186,0.022,7.603,7.625,20,18.545
396196,0.088,7.493,7.581,20,18.545
396206,0.11,7.229,7.339,20,18.545
396216,0.044,7.427,7.471,20,18.545
396226,0.088,7.449,7.537,20,18.545
396236,0.066,7.427,7.493,20,18.545
396246,0.044,7.581,7.625,20,18.545
396256,0.022,7.734,7.756,20,18.545
396266,0.044,7.273,7.317,20,18.545
396276,0,7.493,7.493,20,18.545
396286,0.11,7.69,7.8,20,18.545
396296,0.044,7.625,7.668,20,18.545
396306,0.022,7.537,7.559,20,18.545
396316,0.088,7.427,7.515,20,18.545
396326,0.066,7.603,7.668,20,18.545
396336,0.088,7.471,7.559,20,18.545
396346,0.088,7.493,7.581,20,18.545
396356,0.11,7.339,7.449,20,18.545
396366,0.044,7.317,7.361,20,18.545
396376,0.022,7.207,7.229,20,18.545
396386,-0.044,7.493,7.449,20,18.545
396396,0,7.339,7.339,20,18.545
396406,0.088,7.493,7.581,20,18.545
396416,0.022,7.515,7.537,20,18.545
396426,0,7.427,7.427,20,18.545
396436,0.022,7.668,7.69,20,18.545
396446,0.11,7.383,7.493,20,18.545
396456,-0.022,7.185,7.163,20,18.545
396466,0,7.493,7.493,20,18.545
396476,0.022,7.603,7.625,20,18.545
396486,0.044,7.668,7.712,20,18.545
396496,0,7.493,7.493,20,18.545
396506,0,7.559,7.559,20,18.545
396516,-0.044,7.119,7.075,20,18.545
396526,0.022,7.251,7.273,20,18.545
396536,0,7.207,7.207,20,18.545
396546,0.022,7.119,7.141,20,18.545
396556,0.022,7.009,7.031,20,18.545
396566,0.088,7.097,7.185,20,18.545
396576,0,7.207,7.207,20,18.545
396586,-0.044,7.493,7.449,20,18.545
396596,0,7.317,7.317,20,18.545
396606,-0.022,7.229,7.207,20,18.545
396616,0,7.515,7.515,20,18.545
396626,0.022,7.405,7.427,20,18.545
396636,0.066,7.646,7.712,20,18.545
396646,0,7.8,7.8,20,18.545
396656,0.044,7.383,7.427,20,18.545
396666,0.022,7.317,7.339,20,18.545
396676,0,7.405,7.405,20,18.545
396686,0,7.471,7.471,20,18.545
396696,0.022,7.581,7.603,20,18.545
396706,0,7.295,7.295,20,18.545
396716,-0.022,7.778,7.756,20,18.545
396726,0.044,7.361,7.405,20,18.545
396736,-0.022,7.405,7.383,20,18.545
396746,-0.022,7.339,7.317,20,18.545
396756,0.044,7.734,7.778,20,18.545
396766,-0.022,7.515,7.493,20,18.545
396776,0.022,7.251,7.273,20,18.545
396786,0,7.251,7.251,20,18.545
396796,0,7.449,7.449,20,18.545
396806,-0.022,7.493,7.471,20,18.545
396816,0.022,7.515,7.537,20,18.545
396826,0,6.855,6.855,20,18.545
396836,-0.066,7.69,7.625,20,18.545
396846,0.022,7.778,7.8,20,18.545
396856,-0.022,7.427,7.405,20,18.545
396866,-0.022,7.646,7.625,20,18.545
396876,0,7.559,7.559,20,18.545
396886,0.066,7.471,7.537,20,18.545
396896,0.022,7.756,7.778,20,18.545
396906,0.066,7.185,7.251,20,18.545
396916,0,7.625,7.625,20,18.545
396926,0.066,7.646,7.712,20,18.545
396936,0,7.625,7.625,20,18.545
396946,0.022,7.581,7.603,20,18.545
396956,-0.022,7.822,7.8,20,18.545
396966,0.022,7.778,7.8,20,18.545
396976,0.044,7.295,7.339,20,18.545
396986,0,7.361,7.361,20,18.545
396996,0.022,7.185,7.207,20,18.545
397006,0.066,7.361,7.427,20,18.545
397016,-0.022,6.921,6.899,20,18.545
397026,-0.022,7.273,7.251,20,18.545
397036,0.044,7.515,7.559,20,18.545
397046,0.022,7.625,7.646,20,18.545
397056,0,7.053,7.053,20,18.545
397066,0.066,7.449,7.515,20,18.545
397076,-0.066,7.427,7.361,20,18.545
397086,0.022,7.537,7.559,20,18.545
397096,0.022,7.185,7.207,20,18.545
397106,0.022,7.976,7.998,20,18.545
397116,0,7.537,7.537,20,18.545
397126,-0.022,7.449,7.427,20,18.545
397136,0.044,7.712,7.756,20,18.545
397146,0.044,7.273,7.317,20,18.545
397156,0.022,7.339,7.361,20,18.545
397166,0.044,7.625,7.668,20,18.545
397176,0,7.625,7.625,20,18.545
397186,0.022,7.493,7.515,20,18.545
397196,0.022,7.712,7.734,20,18.545
397206,0.088,7.405,7.493,20,18.545
397216,0.022,7.8,7.822,20,18.545
397226,0.022,7.603,7.625,20,18.545
397236,-0.022,7.515,7.493,20,18.545
397246,0.022,7.515,7.537,20,18.545
397256,0.044,7.69,7.734,20,18.545
397266,0.066,7.207,7.273,20,18.545
397276,0.066,7.734,7.8,20,18.545
397286,0,7.163,7.163,20,18.545
397296,0.022,7.317,7.339,20,18.545
397306,0.044,7.559,7.603,20,18.545
397316,0.066,7.822,7.888,20,18.545
397326,0,7.559,7.559,20,18.545
397336,0.044,7.581,7.625,20,18.545
397346,0.066,7.251,7.317,20,18.545
397356,0.088,7.317,7.405,20,18.545
397366,0.044,7.515,7.559,20,18.545
397376,0,7.668,7.668,20,18.545
397386,0.044,6.943,6.987,20,18.545
397396,0.022,7.493,7.515,20,18.545
397406,0.088,7.317,7.405,20,18.545
397416,0.088,7.427,7.515,20,18.545
397426,0.066,7.427,7.493,20,18.545
397436,0.066,7.383,7.449,20,18.545
397446,0.044,7.559,7.603,20,18.545
397456,-0.022,7.8,7.778,20,18.545
397466,0.066,7.427,7.493,20,18.545
397476,0.11,7.339,7.449,20,18.545
397486,0.088,7.471,7.559,20,18.545
397496,0.088,7.383,7.471,20,18.545
397506,-0.022,7.756,7.734,20,18.545
397516,0.088,7.449,7.537,20,18.545
397526,0.022,6.965,6.987,20,18.545
397536,0.044,7.712,7.756,20,18.545
397546,0.044,7.383,7.427,20,18.545
397556,0.044,7.581,7.625,20,18.545
397566,0.066,7.625,7.69,20,18.545
397576,0.088,7.273,7.361,20,18.545
397586,0.066,7.141,7.207,20,18.545
397596,0.066,7.471,7.537,20,18.545
397606,0.044,7.581,7.625,20,18.545
397616,0.088,7.581,7.668,20,18.545
397626,0.066,7.339,7.405,20,18.545
397636,0.088,7.712,7.8,20,18.545
397646,0.022,7.493,7.515,20,18.545
397656,0.044,7.646,7.69,20,18.545
397666,0.066,7.69,7.756,20,18.545
397676,0.088,7.493,7.581,20,18.545
397686,0.088,7.361,7.449,20,18.545
397696,0.066,7.888,7.954,20,18.545
397706,0.066,7.69,7.756,20,18.545
397716,0.044,7.163,7.207,20,18.545
397726,0.132,7.185,7.317,20,18.545
397736,0.088,7.449,7.537,20,18.545
397746,0.11,7.471,7.581,20,18.545
397756,0.132,7.537,7.668,20,18.545
397766,0.132,7.537,7.668,20,18.545
397776,0.11,7.515,7.625,20,18.545
397786,0.11,7.69,7.8,20,18.545
397796,0.044,7.185,7.229,20,18.545
397806,0.066,7.712,7.778,20,18.545
397816,0.022,7.317,7.339,20,18.545
397826,0.066,7.229,7.295,20,18.545
397836,0.066,7.295,7.361,20,18.545
397846,0.066,7.515,7.581,20,18.545
397856,0.088,7.493,7.581,20,18.545
397866,0.088,7.537,7.625,20,18.545
397876,0.11,7.559,7.668,20,18.545
397886,0.132,7.515,7.646,20,18.545
397896,0.088,7.405,7.493,20,18.545
397906,0.088,7.581,7.668,20,18.545
397916,0.088,7.163,7.251,20,18.545
397926,0.044,7.712,7.756,20,18.545
397936,0.11,7.778,7.888,20,18.545
397946,0.066,7.295,7.361,20,18.545
397956,0.066,7.405,7.471,20,18.545
397966,0.066,7.339,7.405,20,18.545
397976,0.066,7.625,7.69,20,18.545
397986,0.11,7.493,7.603,20,18.545
397996,0.066,7.976,8.042,20,18.545
398006,0.088,7.537,7.625,20,18.545
398016,0.066,7.646,7.712,20,18.545
398026,0.11,7.251,7.361,20,18.545
398036,0.066,7.449,7.515,20,18.545
398046,0,7.471,7.471,20,18.545
398056,0.088,7.449,7.537,20,18.545
398066,0.022,7.778,7.8,20,18.545
398076,0,7.69,7.69,20,18.545
398086,0.044,7.097,7.141,20,18.545
398096,0.044,7.471,7.515,20,18.545
398106,0.044,7.075,7.119,20,18.545
398116,0.066,7.251,7.317,20,18.545
398126,0.088,7.383,7.471,20,18.545
398136,0.044,7.295,7.339,20,18.545
398146,0.088,7.339,7.427,20,18.545
398156,0,7.712,7.712,20,18.545
398166,0.066,7.932,7.998,20,18.545
398176,0.022,7.778,7.8,20,18.545
398186,0.022,7.251,7.273,20,18.545
398196,0.066,7.361,7.427,20,18.545
398206,0.022,7.273,7.295,20,18.545
398216,0.11,7.383,7.493,20,18.545
398226,0.044,7.405,7.449,20,18.545
398236,0.044,7.822,7.866,20,18.545
398246,0.044,6.921,6.965,20,18.545
398256,-0.022,7.646,7.625,20,18.545
398266,0.066,7.493,7.559,20,18.545
398276,0,7.229,7.229,20,18.545
398286,0,7.009,7.009,20,18.545
398296,0.066,7.449,7.515,20,18.545
398306,0.022,7.449,7.471,20,18.545
398316,0,7.471,7.471,20,18.545
398326,0.044,7.8,7.844,20,18.545
398336,0.066,7.031,7.097,20,18.545
398346,0.044,7.756,7.8,20,18.545
398356,0.088,7.427,7.515,20,18.545
398366,0.088,7.471,7.559,20,18.545
398376,0.088,7.515,7.603,20,18.545
398386,0.022,7.317,7.339,20,18.545
398396,0.044,7.69,7.734,20,18.545
398406,0.022,7.778,7.8,20,18.545
398416,0.044,7.383,7.427,20,18.545
398426,0.044,7.383,7.427,20,18.545
398436,0.044,7.581,7.625,20,18.545
398446,0,7.185,7.185,20,18.545
398456,0.066,7.031,7.097,20,18.545
398466,-0.022,7.339,7.317,20,18.545
398476,0.044,7.185,7.229,20,18.545
398486,0.022,7.668,7.69,20,18.545
398496,0.022,7.339,7.361,20,18.545
398506,0,7.141,7.141,20,18.545
398516,0.022,7.251,7.273,20,18.545
398526,0.088,7.207,7.295,20,18.545
398536,0.044,7.515,7.559,20,18.545
398546,0.044,7.383,7.427,20,18.545
398556,0,6.987,6.987,20,18.545
398566,0.132,6.855,6.987,20,18.545
398576,-0.022,7.471,7.449,20,18.545
398586,0.022,7.251,7.273,20,18.545
398596,-0.022,7.449,7.427,20,18.545
398606,-0.022,7.295,7.273,20,18.545
398616,0.044,7.8,7.844,20,18.545
398626,0,7.361,7.361,20,18.545
398636,0,7.273,7.273,20,18.545
398646,0,7.954,7.954,20,18.545
398656,-0.022,8.02,7.998,20,18.545
398666,-0.022,7.515,7.493,20,18.545
398676,0.022,7.668,7.69,20,18.545
398686,0,7.69,7.69,20,18.545
398696,-0.044,7.229,7.185,20,18.545
398706,0.022,7.471,7.493,20,18.545
398716,0.022,7.141,7.163,20,18.545
398726,0.022,7.361,7.383,20,18.545
398736,0,7.251,7.251,20,18.545
398746,0,7.427,7.427,20,18.545
398756,0.022,7.559,7.581,20,18.545
398766,0,7.537,7.537,20,18.545
398776,0,7.449,7.449,20,18.545
398786,0.022,7.471,7.493,20,18.545
398796,0,7.449,7.449,20,18.545
398806,0.022,7.449,7.471,20,18.545
398816,0.022,7.998,8.02,20,18.545
398826,0,7.515,7.515,20,18.545
398836,-0.022,7.449,7.427,20,18.545
398846,0,7.185,7.185,20,18.545
398856,0,7.317,7.317,20,18.545
398866,-0.088,7.449,7.361,20,18.545
398876,0.022,7.427,7.449,20,18.545
398886,0,7.295,7.295,20,18.545
398896,-0.022,7.493,7.471,20,18.545
398906,0.022,7.185,7.207,20,18.545
398916,0.044,7.625,7.668,20,18.545
398926,0.022,7.339,7.361,20,18.545
398936,-0.022,7.449,7.427,20,18.545
398946,0.044,7.8,7.844,20,18.545
398956,-0.044,7.075,7.031,20,18.545
398966,0.044,7.383,7.427,20,18.545
398976,0.022,7.361,7.383,20,18.545
398986,0.088,7.185,7.273,20,18.545
398996,-0.066,7.537,7.471,20,18.545
399006,0,7.537,7.537,20,18.545
399016,0.066,7.163,7.229,20,18.545
399026,0.044,7.668,7.712,20,18.545
399036,-0.022,7.778,7.756,20,18.545
399046,0.066,7.625,7.69,20,18.545
399056,0.022,7.273,7.295,20,18.545
399066,-0.022,7.361,7.339,20,18.545
399076,-0.022,6.899,6.877,20,18.545
399086,0.088,8.064,8.152,20,18.545
399096,0.044,7.317,7.361,20,18.545
399106,-0.022,7.559,7.537,20,18.545
399116,-0.022,7.8,7.778,20,18.545
399126,0.066,7.273,7.339,20,18.545
399136,0,7.383,7.383,20,18.545
399146,0.044,7.141,7.185,20,18.545
399156,0.044,7.493,7.537,20,18.545
399166,0.044,7.163,7.207,20,18.545
399176,0.022,7.493,7.515,20,18.545
399186,0.066,7.251,7.317,20,18.545
399196,-0.022,7.515,7.493,20,18.545
399206,0.066,7.427,7.493,20,18.545
399216,0,7.273,7.273,20,18.545
399226,0.11,7.712,7.822,20,18.545
399236,0.088,7.075,7.163,20,18.545
399246,0.044,7.229,7.273,20,18.545
399256,0.066,7.141,7.207,20,18.545
399266,0.044,7.822,7.866,20,18.545
399276,0.132,7.581,7.712,20,18.545
399286,0.066,7.515,7.581,20,18.545
399296,0.066,7.493,7.559,20,18.545
399306,0.022,7.361,7.383,20,18.545
399316,0.132,7.515,7.646,20,18.545
399326,0.022,7.339,7.361,20,18.545
399336,0.022,7.756,7.778,20,18.545
399346,0.066,8.108,8.174,20,18.545
399356,0.066,7.778,7.844,20,18.545
399366,0.088,7.383,7.471,20,18.545
399376,0.132,7.668,7.8,20,18.545
399386,0.11,7.383,7.493,20,18.545
399396,0.022,7.361,7.383,20,18.545
399406,0.044,7.69,7.734,20,18.545
399416,0.132,7.251,7.383,20,18.545
399426,0.11,7.646,7.756,20,18.545
399436,0.022,7.163,7.185,20,18.545
399446,0.088,7.537,7.625,20,18.545
399456,0.044,7.449,7.493,20,18.545
399466,0.154,7.603,7.756,20,18.545
399476,0.11,7.581,7.69,20,18.545
399486,0.132,7.449,7.581,20,18.545
399496,0.044,7.712,7.756,20,18.545
399506,0.044,7.471,7.515,20,18.545
399516,0,7.449,7.449,20,18.545
399526,0.132,7.141,7.273,20,18.545
399536,0.132,7.515,7.646,20,18.545
399546,0.132,7.493,7.625,20,18.545
399556,0.088,7.251,7.339,20,18.545
399566,0.044,7.603,7.646,20,18.545
399576,0.066,7.317,7.383,20,18.545
399586,0.132,7.646,7.778,20,18.545
399596,0.11,7.603,7.712,20,18.545
399606,0.066,7.493,7.559,20,18.545
399616,0.066,7.603,7.668,20,18.545
399626,0.022,7.207,7.229,20,18.545
399636,0.066,7.449,7.515,20,18.545
399646,0.088,7.427,7.515,20,18.545
399656,0.11,7.8,7.91,20,18.545
399666,0.066,7.471,7.537,20,18.545
399676,0.088,7.405,7.493,20,18.545
399686,0.132,7.317,7.449,20,18.545
399696,0.066,7.295,7.361,20,18.545
399706,0.044,7.844,7.888,20,18.545
399716,0.088,7.361,7.449,20,18.545
399726,0.132,7.405,7.537,20,18.545
399736,0.11,7.625,7.734,20,18.545
399746,0.11,7.581,7.69,20,18.545
399756,0.066,7.405,7.471,20,18.545
399766,0.11,7.471,7.581,20,18.545
399776,0.022,7.361,7.383,20,18.545
399786,0.088,7.317,7.405,20,18.545
399796,0.132,7.185,7.317,20,18.545
399806,0.022,7.317,7.339,20,18.545
399816,0.066,7.646,7.712,20,18.545
399826,0.088,7.449,7.537,20,18.545
399836,0.044,7.427,7.471,20,18.545
399846,0.044,7.405,7.449,20,18.545
399856,0.044,7.361,7.405,20,18.545
399866,0.088,7.69,7.778,20,18.545
399876,0.088,7.822,7.91,20,18.545
399886,0.044,7.625,7.668,20,18.545
399896,0.044,7.229,7.273,20,18.545
399906,0.154,6.921,7.075,20,18.545
399916,0.044,7.185,7.229,20,18.545
399926,0.066,7.361,7.427,20,18.545
399936,0.066,7.668,7.734,20,18.545
399946,0.044,7.273,7.317,20,18.545
399956,0.132,7.646,7.778,20,18.545
399966,-0.022,7.668,7.646,20,18.545
399976,0.044,7.075,7.119,20,18.545
399986,0.066,7.097,7.163,20,18.545
399996,0.088,7.383,7.471,20,18.545
400006,0.088,7.339,7.427,20,18.545
400016,0.022,7.405,7.427,20,18.545
400026,0.022,7.603,7.625,20,18.545
400036,0.066,7.559,7.625,20,18.545
400046,0.088,7.141,7.229,20,18.545
400056,0.088,7.493,7.581,20,18.545
400066,0.066,7.295,7.361,20,18.545
400076,0,7.603,7.603,20,18.545
400086,0.088,7.405,7.493,20,18.545
400096,0.066,7.075,7.141,20,18.545
400106,0.066,7.449,7.515,20,18.545
400116,0.044,7.317,7.361,20,18.545
400126,-0.022,7.822,7.8,20,18.545
400136,0.044,7.493,7.537,20,18.545
400146,0.044,7.339,7.383,20,18.545
400156,0.044,7.405,7.449,20,18.545
400166,0.066,7.493,7.559,20,18.545
400176,0.066,7.053,7.119,20,18.545
400186,0.022,7.449,7.471,20,18.545
400196,-0.022,7.339,7.317,20,18.545
400206,0.066,7.405,7.471,20,18.545
400216,0.066,7.449,7.515,20,18.545
400226,0,7.515,7.515,20,18.545
400236,0.022,7.603,7.625,20,18.545
400246,0.066,7.515,7.581,20,18.545
400256,0.022,7.295,7.317,20,18.545
,,,,,
,,,,,
,,,,,
,,,,,
,,,,,
,,,,,
,,,,,
,,,,,
,,,,,
,,,,,
,,,,,
,,,,,
,,,,,
,,,,,
,,,,,
,,,,,
,,,,,
,,,,,
,,,,,
,,,,,
,,,,,
,,,,,
,,,,,
,,,,,
,,,,,
,,,,,
,,,,,
,,,,,
,,,,,
,,,,,
,,,,,
,,,,,
,,,,,
,,,,,
,,,,,
,,,,,
,,,,,
,,,,,
,,,,,
,,,,,
,,,,,
,,,,,
,,,,,
,,,,,
,,,,,
,,,,,
,,,,,
,,,,,
,,,,,
,,,,,
,,,,,
,,,,,
,,,,,
,,,,,
,,,,,
,,,,,
,,,,,
403852,-0.11,11.294,11.184,30,27.949
403862,-0.11,11.118,11.008,30,27.949
403872,-0.132,11.25,11.118,30,27.949
403882,-0.132,11.118,10.986,30,27.949
403892,-0.088,11.206,11.118,30,27.949
403902,-0.176,11.096,10.92,30,27.949
403912,-0.066,11.58,11.514,30,27.949
403922,-0.132,11.096,10.964,30,27.949
403932,-0.044,11.206,11.162,30,27.949
403942,-0.11,11.404,11.294,30,27.949
403952,-0.044,10.789,10.745,30,27.949
403962,-0.088,11.755,11.667,30,27.949
403972,-0.044,11.118,11.074,30,27.949
403982,-0.088,11.316,11.228,30,27.949
403992,0,11.689,11.689,30,27.949
404002,-0.022,11.492,11.47,30,27.949
404012,0,11.558,11.558,30,27.949
404022,0,11.096,11.096,30,27.949
404032,-0.066,11.096,11.03,30,27.949
404042,0,11.338,11.338,30,27.949
404052,-0.022,11.316,11.294,30,27.949
404062,-0.044,11.25,11.206,30,27.949
404072,0.022,11.47,11.492,30,27.949
404082,0,11.36,11.36,30,27.949
404092,-0.022,11.294,11.272,30,27.949
404102,0,11.47,11.47,30,27.949
404112,0,11.514,11.514,30,27.949
404122,-0.066,11.338,11.272,30,27.949
404132,-0.044,11.58,11.536,30,27.949
404142,-0.022,11.514,11.492,30,27.949
404152,-0.066,11.47,11.404,30,27.949
404162,-0.044,11.646,11.602,30,27.861
404172,-0.088,11.514,11.426,30,27.949
404182,-0.044,11.646,11.602,30,27.949
404192,-0.044,11.646,11.602,30,27.949
404202,-0.066,11.316,11.25,30,27.949
404212,0.022,11.338,11.36,30,27.949
404222,-0.066,11.25,11.184,30,27.949
404232,-0.088,11.624,11.536,30,27.949
404242,-0.066,11.646,11.58,30,27.949
404252,-0.044,11.14,11.096,30,27.949
404262,-0.066,11.206,11.14,30,27.949
404272,-0.022,11.558,11.536,30,27.949
404282,-0.088,10.942,10.854,30,27.949
404292,-0.022,10.876,10.854,30,27.949
404302,-0.022,11.338,11.316,30,27.949
404312,0.022,11.25,11.272,30,27.949
404322,-0.044,11.689,11.646,30,27.949
404332,-0.022,11.228,11.206,30,27.949
404342,0,11.162,11.162,30,27.949
404352,0.022,11.096,11.118,30,27.949
404362,-0.022,11.492,11.47,30,27.949
404372,0.022,11.646,11.667,30,27.861
404382,0,10.767,10.767,30,27.949
404392,0.066,11.514,11.58,30,27.949
404402,0.022,11.382,11.404,30,27.949
404412,0.044,11.206,11.25,30,27.861
404422,0.044,11.382,11.426,30,27.949
404432,0.132,11.777,11.909,30,27.949
404442,0.066,10.986,11.052,30,27.949
404452,0.066,11.58,11.646,30,27.949
404462,0.022,11.338,11.36,30,27.861
404472,0.066,11.646,11.711,30,27.949
404482,0.044,11.448,11.492,30,27.949
404492,0.066,11.558,11.624,30,27.949
404502,0.066,11.096,11.162,30,27.949
404512,0.066,11.25,11.316,30,27.949
404522,0.066,11.624,11.689,30,27.949
404532,0.088,11.316,11.404,30,27.949
404542,0.066,11.558,11.624,30,27.949
404552,0,11.03,11.03,30,27.949
404562,0.088,11.689,11.777,30,27.949
404572,0,11.316,11.316,30,27.949
404582,0.044,11.36,11.404,30,27.949
404592,0.044,11.404,11.448,30,27.949
404602,0.11,11.733,11.843,30,27.949
404612,0.132,11.338,11.47,30,27.949
404622,0.022,11.14,11.162,30,27.949
404632,0.088,11.074,11.162,30,27.949
404642,0.066,11.404,11.47,30,27.949
404652,0.044,11.096,11.14,30,27.949
404662,0.11,11.404,11.514,30,27.949
404672,0.066,11.316,11.382,30,27.949
404682,0.044,11.47,11.514,30,27.949
404692,0.044,11.118,11.162,30,27.949
404702,0.11,10.789,10.898,30,27.949
404712,0.11,11.338,11.448,30,27.861
404722,0.176,11.118,11.294,30,27.949
404732,0.132,11.47,11.602,30,27.949
404742,0.11,11.228,11.338,30,27.949
404752,0.176,11.492,11.667,30,27.949
404762,0.154,11.426,11.58,30,27.949
404772,0.11,11.294,11.404,30,27.949
404782,0.154,11.558,11.711,30,27.949
404792,0.088,11.184,11.272,30,27.861
404802,0.066,11.36,11.426,30,27.949
404812,0.066,11.558,11.624,30,27.949
404822,0.11,11.492,11.602,30,27.861
404832,0.132,11.338,11.47,30,27.949
404842,0.132,11.228,11.36,30,27.949
404852,0.11,11.052,11.162,30,27.861
404862,0.132,11.36,11.492,30,27.949
404872,0.11,11.382,11.492,30,27.949
404882,0.132,11.975,12.107,30,27.949
404892,0.088,11.096,11.184,30,27.949
404902,0.176,10.92,11.096,30,27.949
404912,0.154,11.426,11.58,30,27.949
404922,0.198,11.602,11.799,30,27.949
404932,0.176,11.602,11.777,30,27.949
404942,0.176,11.514,11.689,30,27.861
404952,0.132,11.382,11.514,30,27.949
404962,0.11,11.448,11.558,30,27.949
404972,0.088,11.316,11.404,30,27.949
404982,0.11,11.426,11.536,30,27.949
404992,0.088,11.272,11.36,30,27.949
405002,0.132,11.074,11.206,30,27.949
405012,0.11,11.36,11.47,30,27.949
405022,0.132,11.272,11.404,30,27.861
405032,0.088,11.14,11.228,30,27.949
405042,0.11,11.36,11.47,30,27.949
405052,0.044,11.558,11.602,30,27.949
405062,0.132,11.206,11.338,30,27.949
405072,0.132,11.558,11.689,30,27.949
405082,0.066,11.228,11.294,30,27.949
405092,0.11,11.118,11.228,30,27.949
405102,0.11,11.338,11.448,30,27.949
405112,0.11,11.206,11.316,30,27.949
405122,0.066,11.184,11.25,30,27.949
405132,0.11,11.03,11.14,30,27.949
405142,0.154,11.25,11.404,30,27.861
405152,0.11,11.492,11.602,30,27.949
405162,0.11,11.404,11.514,30,27.949
405172,0.11,11.228,11.338,30,27.949
405182,0.022,11.316,11.338,30,27.949
405192,0.066,11.514,11.58,30,27.949
405202,0.044,11.711,11.755,30,27.949
405212,0.066,11.074,11.14,30,27.949
405222,0.088,11.184,11.272,30,27.949
405232,0.088,10.898,10.986,30,27.949
405242,0.022,11.228,11.25,30,27.949
405252,0.088,11.338,11.426,30,27.949
405262,0.066,11.294,11.36,30,27.949
405272,0.088,11.14,11.228,30,27.949
405282,0.066,11.689,11.755,30,27.949
405292,0.088,11.118,11.206,30,27.949
405302,0.088,11.36,11.448,30,27.949
405312,-0.022,11.711,11.689,30,27.949
405322,0.066,11.492,11.558,30,27.949
405332,0.088,11.689,11.777,30,27.949
405342,0.044,11.25,11.294,30,27.949
405352,0.022,11.338,11.36,30,27.949
405362,0.088,11.602,11.689,30,27.861
405372,0.022,11.184,11.206,30,27.949
405382,0.022,11.162,11.184,30,27.949
405392,0,11.382,11.382,30,27.949
405402,0.066,11.448,11.514,30,27.949
405412,0.066,11.162,11.228,30,27.949
405422,0.044,11.206,11.25,30,27.949
405432,0,10.833,10.833,30,27.949
405442,0.088,11.316,11.404,30,27.949
405452,0.044,11.624,11.667,30,27.949
405462,0.044,11.733,11.777,30,27.861
405472,0.044,11.272,11.316,30,27.949
405482,-0.022,11.36,11.338,30,27.949
405492,-0.044,11.931,11.887,30,27.949
405502,0.044,11.294,11.338,30,27.949
405512,0.022,11.316,11.338,30,27.949
405522,0.044,11.404,11.448,30,27.949
405532,0.022,11.58,11.602,30,27.949
405542,0.022,11.338,11.36,30,27.949
405552,-0.022,11.184,11.162,30,27.949
405562,-0.066,11.602,11.536,30,27.949
405572,0.022,11.14,11.162,30,27.949
405582,-0.022,11.624,11.602,30,27.949
405592,-0.044,11.404,11.36,30,27.949
405602,0.044,11.36,11.404,30,27.861
405612,-0.066,11.316,11.25,30,27.949
405622,0,11.36,11.36,30,27.861
405632,-0.044,11.184,11.14,30,27.949
405642,-0.044,11.58,11.536,30,27.949
405652,-0.044,10.723,10.679,30,27.949
405662,-0.044,10.964,10.92,30,27.949
405672,-0.088,11.316,11.228,30,27.949
405682,-0.044,11.382,11.338,30,27.949
405692,-0.044,11.206,11.162,30,27.949
405702,-0.088,11.689,11.602,30,27.949
405712,-0.022,11.711,11.689,30,27.949
405722,-0.044,11.294,11.25,30,27.861
405732,-0.066,11.426,11.36,30,27.949
405742,-0.066,11.338,11.272,30,27.949
405752,-0.066,11.426,11.36,30,27.949
405762,-0.088,11.536,11.448,30,27.949
405772,-0.022,11.14,11.118,30,27.949
405782,0.022,11.184,11.206,30,27.949
405792,-0.022,11.338,11.316,30,27.861
405802,-0.022,11.514,11.492,30,27.949
405812,0.022,11.36,11.382,30,27.949
405822,-0.044,11.689,11.646,30,27.949
405832,-0.066,11.184,11.118,30,27.949
405842,-0.044,11.382,11.338,30,27.949
405852,-0.044,11.25,11.206,30,27.949
405862,-0.066,11.382,11.316,30,27.949
405872,-0.088,11.689,11.602,30,27.949
405882,0,11.338,11.338,30,27.949
405892,-0.044,11.008,10.964,30,27.861
405902,-0.022,11.492,11.47,30,27.949
405912,0,11.646,11.646,30,27.949
405922,0.022,11.799,11.821,30,27.949
405932,-0.022,11.228,11.206,30,27.861
405942,-0.066,11.448,11.382,30,27.949
405952,-0.044,11.03,10.986,30,27.861
405962,-0.066,11.404,11.338,30,27.949
405972,-0.022,11.272,11.25,30,27.949
405982,0.022,11.733,11.755,30,27.949
405992,-0.066,11.404,11.338,30,27.949
406002,-0.066,11.426,11.36,30,27.949
406012,-0.066,11.733,11.667,30,27.949
406022,0.022,11.096,11.118,30,27.861
406032,0.022,11.228,11.25,30,27.949
406042,-0.044,11.25,11.206,30,27.949
406052,-0.066,11.14,11.074,30,27.949
406062,0,11.25,11.25,30,27.949
406072,-0.022,11.162,11.14,30,27.949
406082,-0.044,11.25,11.206,30,27.949
406092,-0.044,11.338,11.294,30,27.949
406102,-0.044,11.184,11.14,30,27.949
406112,0.022,11.602,11.624,30,27.949
406122,0,11.667,11.667,30,27.949
406132,-0.022,11.206,11.184,30,27.949
406142,-0.044,11.316,11.272,30,27.861
406152,0.022,11.47,11.492,30,27.949
406162,0.022,11.272,11.294,30,27.949
406172,-0.022,11.602,11.58,30,27.949
406182,-0.022,11.58,11.558,30,27.949
406192,-0.022,11.118,11.096,30,27.949
406202,0.022,11.096,11.118,30,27.949
406212,-0.022,10.986,10.964,30,27.949
406222,0,11.228,11.228,30,27.949
406232,-0.044,10.964,10.92,30,27.949
406242,0,11.536,11.536,30,27.949
406252,0.066,11.492,11.558,30,27.949
406262,0.044,10.942,10.986,30,27.949
406272,0.022,11.382,11.404,30,27.949
406282,-0.022,11.58,11.558,30,27.949
406292,0.066,11.338,11.404,30,27.949
406302,0.022,11.14,11.162,30,27.949
406312,0.044,11.228,11.272,30,27.949
406322,0,11.184,11.184,30,27.949
406332,0.022,11.558,11.58,30,27.949
406342,0.022,11.096,11.118,30,27.949
406352,0.066,11.184,11.25,30,27.949
406362,0.132,11.25,11.382,30,27.949
406372,0.022,11.843,11.865,30,27.949
406382,0.11,11.448,11.558,30,27.861
406392,0.022,11.689,11.711,30,27.949
406402,0.044,11.646,11.689,30,27.949
406412,0.022,11.272,11.294,30,27.861
406422,0.11,11.536,11.646,30,27.949
406432,0.132,11.228,11.36,30,27.949
406442,0.066,11.294,11.36,30,27.949
406452,0.022,11.514,11.536,30,27.949
406462,0.088,11.426,11.514,30,27.949
406472,0.044,11.58,11.624,30,27.949
406482,0.066,11.426,11.492,30,27.949
406492,0.022,11.404,11.426,30,27.949
406502,0.044,11.382,11.426,30,27.949
406512,0.088,10.898,10.986,30,27.949
406522,0.11,11.294,11.404,30,27.949
406532,0.066,11.382,11.448,30,27.949
406542,0.066,11.382,11.448,30,27.949
406552,0.11,11.03,11.14,30,27.949
406562,0.132,11.558,11.689,30,27.949
406572,0.11,11.514,11.624,30,27.949
406582,0.132,11.074,11.206,30,27.861
406592,0.11,11.47,11.58,30,27.861
406602,0.088,11.206,11.294,30,27.949
406612,0.154,11.25,11.404,30,27.861
406622,0.11,11.47,11.58,30,27.949
406632,0.11,11.184,11.294,30,27.949
406642,0.088,11.36,11.448,30,27.949
406652,0.088,11.316,11.404,30,27.861
406662,0.176,11.338,11.514,30,27.949
406672,0.11,11.733,11.843,30,27.949
406682,0.044,11.667,11.711,30,27.949
406692,0.066,11.206,11.272,30,27.949
406702,0.088,11.118,11.206,30,27.949
406712,0.088,11.426,11.514,30,27.949
406722,0.044,11.14,11.184,30,27.949
406732,0.11,11.558,11.667,30,27.949
406742,0.088,11.272,11.36,30,27.949
406752,0.11,11.667,11.777,30,27.949
406762,0.11,11.536,11.646,30,27.949
406772,0.11,11.36,11.47,30,27.949
406782,0.11,11.03,11.14,30,27.949
406792,0.11,11.228,11.338,30,27.861
406802,0.11,11.58,11.689,30,27.949
406812,0.132,10.986,11.118,30,27.949
406822,0.088,11.536,11.624,30,27.949
406832,0.088,11.36,11.448,30,27.861
406842,0.088,11.294,11.382,30,27.949
406852,0.132,11.448,11.58,30,27.949
406862,0.132,11.228,11.36,30,27.949
406872,0.132,11.14,11.272,30,27.949
406882,0.132,11.008,11.14,30,27.949
406892,0.11,11.228,11.338,30,27.949
406902,0.088,11.602,11.689,30,27.949
406912,0.088,11.404,11.492,30,27.949
406922,0.088,11.426,11.514,30,27.949
406932,0.11,11.03,11.14,30,27.949
406942,0.088,11.206,11.294,30,27.949
406952,0.154,11.448,11.602,30,27.949
406962,0.11,11.492,11.602,30,27.949
406972,0.11,11.25,11.36,30,27.949
406982,0.11,11.58,11.689,30,27.949
406992,0.132,11.184,11.316,30,27.949
407002,0.088,11.558,11.646,30,27.949
407012,0.088,11.008,11.096,30,27.949
407022,0.066,11.646,11.711,30,27.949
407032,0.11,11.316,11.426,30,27.861
407042,0.044,11.602,11.646,30,27.861
407052,0.088,11.338,11.426,30,27.949
407062,0.044,11.074,11.118,30,27.949
407072,0.088,11.382,11.47,30,27.949
407082,0.132,11.074,11.206,30,27.949
407092,0.066,11.404,11.47,30,27.949
407102,0.044,11.206,11.25,30,27.949
407112,0.088,11.492,11.58,30,27.949
407122,0.088,11.206,11.294,30,27.949
407132,0.066,11.162,11.228,30,27.949
407142,0.022,11.382,11.404,30,27.949
407152,0.066,11.426,11.492,30,27.949
407162,0.044,11.228,11.272,30,27.949
407172,0.044,11.58,11.624,30,27.949
407182,0.044,11.316,11.36,30,27.861
407192,0.044,11.074,11.118,30,27.949
407202,0.088,11.426,11.514,30,27.949
407212,0.066,11.602,11.667,30,27.949
407222,0.088,11.206,11.294,30,27.949
407232,0.066,11.536,11.602,30,27.949
407242,0.044,11.558,11.602,30,27.949
407252,0.066,11.602,11.667,30,27.949
407262,0.044,11.074,11.118,30,27.949
407272,0.088,11.272,11.36,30,27.949
407282,0,11.492,11.492,30,27.949
407292,0.066,11.382,11.448,30,27.949
407302,0.044,11.492,11.536,30,27.949
407312,0,11.448,11.448,30,27.949
407322,0.044,11.052,11.096,30,27.949
407332,-0.044,11.667,11.624,30,27.949
407342,0.044,11.14,11.184,30,27.949
407352,0,11.162,11.162,30,27.949
407362,0.044,11.382,11.426,30,27.949
407372,0,11.228,11.228,30,27.949
407382,0.066,11.316,11.382,30,27.861
407392,0.022,11.052,11.074,30,27.949
407402,0.066,11.36,11.426,30,27.949
407412,-0.066,11.184,11.118,30,27.949
407422,0.022,11.514,11.536,30,27.949
407432,0.044,11.25,11.294,30,27.949
407442,-0.022,11.558,11.536,30,27.861
407452,0.066,11.47,11.536,30,27.949
407462,0,11.272,11.272,30,27.949
407472,0.066,11.184,11.25,30,27.949
407482,-0.022,11.404,11.382,30,27.949
407492,0.044,11.448,11.492,30,27.949
407502,-0.022,11.074,11.052,30,27.949
407512,0,11.338,11.338,30,27.949
407522,0.044,11.316,11.36,30,27.949
407532,-0.022,11.316,11.294,30,27.949
407542,0.022,11.338,11.36,30,27.949
407552,-0.066,11.294,11.228,30,27.949
407562,-0.022,10.723,10.701,30,27.949
407572,0.022,10.898,10.92,30,27.949
407582,-0.022,10.942,10.92,30,27.949
407592,-0.044,11.404,11.36,30,27.949
407602,0.022,11.162,11.184,30,27.949
407612,0,11.492,11.492,30,27.949
407622,-0.022,11.338,11.316,30,27.949
407632,-0.044,11.514,11.47,30,27.949
407642,-0.022,11.008,10.986,30,27.949
407652,-0.022,11.602,11.58,30,27.949
407662,-0.022,11.074,11.052,30,27.949
407672,0.044,11.799,11.843,30,27.949
407682,0,11.404,11.404,30,27.949
407692,-0.022,11.689,11.667,30,27.949
407702,-0.066,11.118,11.052,30,27.949
407712,-0.022,11.404,11.382,30,27.949
407722,-0.044,11.36,11.316,30,27.949
407732,-0.022,11.118,11.096,30,27.949
407742,0.044,11.646,11.689,30,27.949
407752,0.066,11.711,11.777,30,27.949
407762,-0.022,11.624,11.602,30,27.949
407772,-0.088,11.514,11.426,30,27.949
407782,-0.044,11.426,11.382,30,27.949
407792,-0.066,11.426,11.36,30,27.949
407802,-0.044,11.448,11.404,30,27.949
407812,0,11.206,11.206,30,27.949
407822,-0.022,11.096,11.074,30,27.949
407832,-0.022,11.118,11.096,30,27.949
407842,0,11.448,11.448,30,27.861
407852,0.022,11.426,11.448,30,27.949
407862,-0.022,11.602,11.58,30,27.949
407872,-0.044,11.184,11.14,30,27.861
407882,0.044,11.426,11.47,30,27.949
407892,0,11.096,11.096,30,27.949
407902,0,11.558,11.558,30,27.949
407912,-0.022,11.03,11.008,30,27.949
407922,-0.022,11.096,11.074,30,27.949
407932,-0.044,11.36,11.316,30,27.949
407942,0,10.942,10.942,30,27.949
407952,-0.066,11.206,11.14,30,27.949
407962,-0.022,11.448,11.426,30,27.949
407972,-0.022,11.074,11.052,30,27.949
407982,-0.022,11.426,11.404,30,27.949
407992,-0.022,11.404,11.382,30,27.861
408002,-0.066,11.14,11.074,30,27.949
408012,-0.022,11.733,11.711,30,27.949
408022,0,11.294,11.294,30,27.949
408032,0,11.558,11.558,30,27.949
408042,-0.022,11.096,11.074,30,27.861
408052,0.066,11.008,11.074,30,27.949
408062,0.044,11.711,11.755,30,27.949
408072,0.022,11.404,11.426,30,27.949
408082,-0.022,11.404,11.382,30,27.949
408092,0,11.36,11.36,30,27.949
408102,0.022,11.667,11.689,30,27.949
408112,0.022,11.514,11.536,30,27.949
408122,0.044,11.492,11.536,30,27.949
408132,0.044,10.767,10.811,30,27.949
408142,0,11.074,11.074,30,27.861
408152,0.044,10.986,11.03,30,27.949
408162,0.11,11.58,11.689,30,27.949
408172,0.022,11.162,11.184,30,27.949
408182,0.044,11.25,11.294,30,27.949
408192,0.044,11.206,11.25,30,27.949
408202,0.044,11.25,11.294,30,27.949
408212,0.088,11.052,11.14,30,27.949
408222,0.022,11.272,11.294,30,27.949
408232,-0.022,11.689,11.667,30,27.949
408242,0.044,11.624,11.667,30,27.949
408252,0.088,11.799,11.887,30,27.949
408262,0.066,11.58,11.646,30,27.949
408272,0.044,11.58,11.624,30,27.949
408282,0.066,11.558,11.624,30,27.949
408292,0.066,11.404,11.47,30,27.949
408302,-0.022,11.404,11.382,30,27.949
408312,0.088,11.426,11.514,30,27.949
408322,0,11.426,11.426,30,27.949
408332,0.044,11.118,11.162,30,27.949
408342,0.044,11.162,11.206,30,27.861
408352,0.022,11.646,11.667,30,27.949
408362,0.022,11.448,11.47,30,27.949
408372,0.066,11.294,11.36,30,27.949
408382,0.11,11.14,11.25,30,27.949
408392,0,11.338,11.338,30,27.949
408402,0.066,11.404,11.47,30,27.949
408412,0.066,11.646,11.711,30,27.949
408422,0.044,11.25,11.294,30,27.949
408432,0.044,11.382,11.426,30,27.949
408442,0.066,11.47,11.536,30,27.949
408452,0.088,11.36,11.448,30,27.949
408462,0.088,11.382,11.47,30,27.949
408472,0.044,11.382,11.426,30,27.949
408482,0.11,11.316,11.426,30,27.949
408492,0.088,11.36,11.448,30,27.949
408502,0.11,11.14,11.25,30,27.949
408512,0.044,11.074,11.118,30,27.949
408522,0.066,11.602,11.667,30,27.949
408532,0.088,11.536,11.624,30,27.949
408542,0.088,11.36,11.448,30,27.949
408552,0.11,11.25,11.36,30,27.949
408562,0.11,11.558,11.667,30,27.949
408572,0.11,11.14,11.25,30,27.949
408582,0.11,11.382,11.492,30,27.949
408592,0.132,11.294,11.426,30,27.861
408602,0.132,11.448,11.58,30,27.949
408612,0.11,11.338,11.448,30,27.949
408622,0.044,11.777,11.821,30,27.949
408632,0.132,11.338,11.47,30,27.949
408642,0.11,11.316,11.426,30,27.949
408652,0.11,11.316,11.426,30,27.949
408662,0.11,11.294,11.404,30,27.949
408672,0.11,11.03,11.14,30,27.949
408682,0.11,11.514,11.624,30,27.861
408692,0.066,11.514,11.58,30,27.949
408702,0.132,11.162,11.294,30,27.949
408712,0.11,11.228,11.338,30,27.949
408722,0.11,11.338,11.448,30,27.949
408732,0.044,11.382,11.426,30,27.861
408742,0.066,11.624,11.689,30,27.949
408752,0.088,11.689,11.777,30,27.949
408762,0.11,11.338,11.448,30,27.949
408772,0.088,11.184,11.272,30,27.949
408782,0.154,11.184,11.338,30,27.949
408792,0.066,11.338,11.404,30,27.861
408802,0.066,10.898,10.964,30,27.949
408812,0.11,11.162,11.272,30,27.949
408822,0.132,11.074,11.206,30,27.949
408832,0.11,10.986,11.096,30,27.949
408842,0.022,11.689,11.711,30,27.949
408852,0.11,10.898,11.008,30,27.949
408862,0.066,11.118,11.184,30,27.949
408872,0.132,11.448,11.58,30,27.949
408882,0.11,11.25,11.36,30,27.949
408892,0.088,11.206,11.294,30,27.861
408902,0.066,11.36,11.426,30,27.949
408912,0.022,11.382,11.404,30,27.949
408922,0.044,11.25,11.294,30,27.949
408932,0.088,11.382,11.47,30,27.949
408942,0.066,11.294,11.36,30,27.949
408952,0.11,11.316,11.426,30,27.861
408962,0.11,11.338,11.448,30,27.949
408972,0.132,11.316,11.448,30,27.949
408982,0.132,11.25,11.382,30,27.949
408992,0.066,11.58,11.646,30,27.949
409002,0.044,11.514,11.558,30,27.949
409012,0.044,11.975,12.019,30,27.949
409022,0,11.294,11.294,30,27.949
409032,0.066,11.492,11.558,30,27.949
409042,0.044,11.426,11.47,30,27.949
409052,0.022,11.36,11.382,30,27.949
409062,0.11,11.272,11.382,30,27.949
409072,0,11.36,11.36,30,27.949
409082,0.022,11.184,11.206,30,27.949
409092,0.022,11.536,11.558,30,27.949
409102,0.066,11.492,11.558,30,27.949
409112,0.11,11.074,11.184,30,27.949
409122,0.066,10.942,11.008,30,27.949
409132,0.088,11.25,11.338,30,27.949
409142,0.044,11.536,11.58,30,27.949
409152,0.044,11.602,11.646,30,27.949
409162,0.066,10.92,10.986,30,27.949
409172,0,11.667,11.667,30,27.949
409182,0.044,11.47,11.514,30,27.949
409192,0.044,11.316,11.36,30,27.949
409202,0.088,11.074,11.162,30,27.949
409212,0.088,11.25,11.338,30,27.949
409222,0.066,11.338,11.404,30,27.949
,,,,,
,,,,,
,,,,,
,,,,,
,,,,,
,,,,,
,,,,,
,,,,,
,,,,,
,,,,,
,,,,,
,,,,,
,,,,,
,,,,,
,,,,,
,,,,,
,,,,,
,,,,,
,,,,,
,,,,,
,,,,,
,,,,,
,,,,,
,,,,,
,,,,,
,,,,,
,,,,,
,,,,,
,,,,,
,,,,,
,,,,,
,,,,,
,,,,,
,,,,,
,,,,,
,,,,,
,,,,,
,,,,,
,,,,,
,,,,,
,,,,,
,,,,,
,,,,,
,,,,,
,,,,,
,,,,,
,,,,,
,,,,,
,,,,,
,,,,,
,,,,,
,,,,,
,,,,,
,,,,,
,,,,,
,,,,,
,,,,,
422824,-0.044,15.337,15.293,40,37.178
422834,-0.044,15.425,15.381,40,37.266
422844,-0.044,15.425,15.381,40,37.266
422854,-0.044,15.469,15.425,40,37.178
422864,-0.022,15.183,15.161,40,37.266
422874,-0.044,15.205,15.161,40,37.266
422884,-0.066,15.535,15.469,40,37.178
422894,-0.044,15.073,15.029,40,37.266
422904,0.022,15.227,15.249,40,37.266
422914,-0.044,15.513,15.469,40,37.266
422924,-0.044,14.985,14.941,40,37.266
422934,-0.044,15.293,15.249,40,37.266
422944,0.044,15.425,15.469,40,37.266
422954,-0.044,15.623,15.579,40,37.266
422964,-0.044,15.183,15.139,40,37.266
422974,0.022,15.249,15.271,40,37.266
422984,-0.044,15.93,15.886,40,37.266
422994,-0.044,15.161,15.117,40,37.266
423004,0.066,15.095,15.161,40,37.266
423014,-0.044,15.161,15.117,40,37.266
423024,-0.066,15.513,15.447,40,37.266
423034,0.044,15.051,15.095,40,37.266
423044,-0.022,14.81,14.788,40,37.266
423054,-0.044,15.007,14.963,40,37.266
423064,0.022,15.051,15.073,40,37.266
423074,0,15.227,15.227,40,37.266
423084,0.022,15.447,15.469,40,37.266
423094,-0.022,15.447,15.425,40,37.178
423104,0.066,15.271,15.337,40,37.266
423114,0,15.425,15.425,40,37.178
423124,-0.022,15.271,15.249,40,37.266
423134,0.022,15.095,15.117,40,37.266
423144,-0.022,15.249,15.227,40,37.266
423154,0.022,15.293,15.315,40,37.266
423164,0.022,15.139,15.161,40,37.266
423174,0.044,15.491,15.535,40,37.266
423184,0,15.403,15.403,40,37.266
423194,-0.044,15.073,15.029,40,37.266
423204,0.044,15.139,15.183,40,37.266
423214,0,15.623,15.623,40,37.178
423224,0.022,15.161,15.183,40,37.178
423234,0.066,15.688,15.754,40,37.266
423244,0.044,14.963,15.007,40,37.266
423254,0.022,15.293,15.315,40,37.266
423264,0,15.403,15.403,40,37.178
423274,0.088,15.381,15.469,40,37.266
423284,0.044,15.139,15.183,40,37.266
423294,0.022,15.403,15.425,40,37.266
423304,0.066,15.271,15.337,40,37.266
423314,0.066,14.963,15.029,40,37.266
423324,0.044,14.81,14.854,40,37.266
423334,0.044,15.337,15.381,40,37.266
423344,0.044,15.051,15.095,40,37.266
423354,0.088,15.161,15.249,40,37.266
423364,0.066,15.513,15.579,40,37.266
423374,0,15.491,15.491,40,37.266
423384,0.132,15.205,15.337,40,37.266
423394,0.088,15.227,15.315,40,37.266
423404,0.11,14.985,15.095,40,37.266
423414,0.044,15.183,15.227,40,37.266
423424,0.088,15.359,15.447,40,37.266
423434,0.088,15.073,15.161,40,37.266
423444,0.11,15.337,15.447,40,37.266
423454,0.066,14.941,15.007,40,37.266
423464,0.088,15.315,15.403,40,37.266
423474,0.022,15.491,15.513,40,37.178
423484,0.088,15.205,15.293,40,37.266
423494,0.088,15.293,15.381,40,37.266
423504,0.088,15.161,15.249,40,37.266
423514,0.022,15.139,15.161,40,37.266
423524,0.154,15.183,15.337,40,37.266
423534,0.11,15.381,15.491,40,37.266
423544,0.11,15.513,15.623,40,37.266
423554,0.11,15.051,15.161,40,37.266
423564,0.088,15.051,15.139,40,37.266
423574,0.044,15.161,15.205,40,37.266
423584,0.11,15.601,15.71,40,37.266
423594,0.11,14.832,14.941,40,37.266
423604,0.022,15.359,15.381,40,37.266
423614,0.132,15.315,15.447,40,37.178
423624,0.11,14.897,15.007,40,37.266
423634,0.132,15.293,15.425,40,37.178
423644,0.066,14.985,15.051,40,37.266
423654,0.132,15.403,15.535,40,37.266
423664,0.11,15.117,15.227,40,37.266
423674,0.044,15.271,15.315,40,37.266
423684,0.11,15.754,15.864,40,37.266
423694,0.198,15.337,15.535,40,37.266
423704,0.11,15.513,15.623,40,37.266
423714,0.11,15.557,15.667,40,37.266
423724,0.11,15.293,15.403,40,37.266
423734,0.132,15.271,15.403,40,37.266
423744,0.154,15.579,15.732,40,37.266
423754,0.044,15.491,15.535,40,37.266
423764,0.11,15.315,15.425,40,37.266
423774,0.088,15.183,15.271,40,37.266
423784,0.154,15.557,15.71,40,37.266
423794,0.132,15.601,15.732,40,37.266
423804,0.154,14.919,15.073,40,37.266
423814,0.11,15.601,15.71,40,37.178
423824,0.11,15.139,15.249,40,37.266
423834,0.11,15.051,15.161,40,37.266
423844,0.11,15.073,15.183,40,37.266
423854,0.11,15.403,15.513,40,37.266
423864,0.088,15.315,15.403,40,37.266
423874,0.132,15.381,15.513,40,37.266
423884,0.11,15.425,15.535,40,37.178
423894,0.088,15.381,15.469,40,37.178
423904,0.154,14.897,15.051,40,37.266
423914,0.088,14.985,15.073,40,37.266
423924,0.132,15.249,15.381,40,37.266
423934,0.088,15.095,15.183,40,37.266
423944,0.088,15.095,15.183,40,37.266
423954,0.088,15.183,15.271,40,37.178
423964,0.132,15.073,15.205,40,37.178
423974,0.11,15.227,15.337,40,37.178
423984,0.044,15.183,15.227,40,37.266
423994,0.044,15.293,15.337,40,37.178
424004,0.088,15.271,15.359,40,37.178
424014,0.11,15.315,15.425,40,37.266
424024,0.11,15.117,15.227,40,37.266
424034,0.088,15.315,15.403,40,37.266
424044,0.154,15.601,15.754,40,37.178
424054,0.132,15.249,15.381,40,37.266
424064,0.11,15.271,15.381,40,37.266
424074,0.044,15.293,15.337,40,37.178
424084,0.066,15.249,15.315,40,37.266
424094,0.066,15.293,15.359,40,37.266
424104,0.044,15.337,15.381,40,37.266
424114,-0.066,15.161,15.095,40,37.178
424124,0.022,15.601,15.623,40,37.178
424134,0.066,15.227,15.293,40,37.266
424144,0.044,15.073,15.117,40,37.266
424154,0.066,15.754,15.82,40,37.266
424164,0.044,15.095,15.139,40,37.266
424174,0.088,15.161,15.249,40,37.266
424184,0.066,15.051,15.117,40,37.266
424194,0.066,15.051,15.117,40,37.178
424204,-0.022,14.963,14.941,40,37.178
424214,0.022,15.359,15.381,40,37.266
424224,0.066,14.81,14.875,40,37.266
424234,0.044,15.425,15.469,40,37.178
424244,-0.022,15.403,15.381,40,37.266
424254,0.044,15.227,15.271,40,37.266
424264,0.066,15.161,15.227,40,37.266
424274,0.044,15.447,15.491,40,37.266
424284,0.044,15.117,15.161,40,37.266
424294,0.044,15.425,15.469,40,37.266
424304,0,15.249,15.249,40,37.266
424314,-0.022,15.315,15.293,40,37.266
424324,-0.022,15.007,14.985,40,37.266
424334,0.022,15.645,15.667,40,37.266
424344,0.022,14.985,15.007,40,37.266
424354,0.022,15.557,15.579,40,37.266
424364,-0.044,15.249,15.205,40,37.266
424374,-0.022,15.337,15.315,40,37.266
424384,-0.022,15.381,15.359,40,37.266
424394,0.022,15.271,15.293,40,37.266
424404,0,15.227,15.227,40,37.266
424414,-0.044,15.227,15.183,40,37.178
424424,-0.044,15.469,15.425,40,37.178
424434,0.022,15.183,15.205,40,37.266
424444,0.044,14.854,14.897,40,37.266
424454,-0.044,15.337,15.293,40,37.266
424464,-0.022,15.623,15.601,40,37.178
424474,-0.066,15.271,15.205,40,37.266
424484,-0.044,15.535,15.491,40,37.266
424494,0,15.557,15.557,40,37.266
424504,-0.022,15.051,15.029,40,37.266
424514,-0.044,14.875,14.832,40,37.266
424524,-0.066,15.249,15.183,40,37.266
424534,-0.044,15.139,15.095,40,37.266
424544,-0.044,15.359,15.315,40,37.266
424554,0,15.271,15.271,40,37.266
424564,0,15.161,15.161,40,37.266
424574,-0.044,15.271,15.227,40,37.266
424584,-0.066,14.963,14.897,40,37.178
424594,-0.022,14.875,14.854,40,37.266
424604,-0.022,15.227,15.205,40,37.266
424614,-0.11,15.315,15.205,40,37.266
424624,-0.088,15.381,15.293,40,37.266
424634,-0.044,14.985,14.941,40,37.266
424644,-0.066,15.425,15.359,40,37.266
424654,-0.088,15.205,15.117,40,37.266
424664,-0.044,15.601,15.557,40,37.178
424674,0,15.205,15.205,40,37.178
424684,-0.044,15.183,15.139,40,37.266
424694,-0.022,15.271,15.249,40,37.178
424704,0.022,15.249,15.271,40,37.266
424714,-0.044,15.205,15.161,40,37.266
424724,-0.022,15.095,15.073,40,37.266
424734,-0.022,15.359,15.337,40,37.178
424744,0,15.183,15.183,40,37.178
424754,-0.022,15.337,15.315,40,37.178
424764,-0.066,15.447,15.381,40,37.266
424774,-0.044,15.249,15.205,40,37.178
424784,-0.044,14.854,14.81,40,37.266
424794,-0.066,15.029,14.963,40,37.266
424804,-0.088,15.381,15.293,40,37.178
424814,0,14.897,14.897,40,37.266
424824,0,15.601,15.601,40,37.266
424834,0,15.227,15.227,40,37.178
424844,-0.088,15.425,15.337,40,37.266
424854,0,15.271,15.271,40,37.266
424864,-0.022,15.029,15.007,40,37.266
424874,-0.044,14.941,14.897,40,37.178
424884,-0.088,14.897,14.81,40,37.178
424894,-0.044,15.139,15.095,40,37.266
424904,-0.088,14.766,14.678,40,37.266
424914,-0.022,15.491,15.469,40,37.266
424924,-0.066,15.447,15.381,40,37.266
424934,-0.022,15.601,15.579,40,37.266
424944,0.066,15.645,15.71,40,37.266
424954,0.022,15.029,15.051,40,37.178
424964,0,15.359,15.359,40,37.266
424974,0,15.732,15.732,40,37.266
424984,0.044,15.425,15.469,40,37.178
424994,0,15.381,15.381,40,37.266
425004,0,14.897,14.897,40,37.266
425014,0,15.227,15.227,40,37.266
425024,0.022,15.403,15.425,40,37.266
425034,0,15.315,15.315,40,37.266
425044,0.088,15.139,15.227,40,37.178
425054,0,15.469,15.469,40,37.266
425064,0,15.205,15.205,40,37.266
425074,0,15.051,15.051,40,37.178
425084,0,15.183,15.183,40,37.266
425094,0.022,14.832,14.854,40,37.266
425104,0.088,15.623,15.71,40,37.178
425114,0.066,15.095,15.161,40,37.266
425124,0.066,15.293,15.359,40,37.266
425134,0.022,15.315,15.337,40,37.266
425144,0.044,15.249,15.293,40,37.266
425154,0.022,15.205,15.227,40,37.266
425164,0.044,15.623,15.667,40,37.266
425174,0.022,15.095,15.117,40,37.266
425184,0.066,15.337,15.403,40,37.266
425194,0.132,15.535,15.667,40,37.266
425204,0.044,15.007,15.051,40,37.266
425214,0.088,15.337,15.425,40,37.266
425224,0.132,15.139,15.271,40,37.266
425234,0.11,15.315,15.425,40,37.266
425244,0.044,15.183,15.227,40,37.178
425254,0.044,14.963,15.007,40,37.178
425264,0.066,15.117,15.183,40,37.266
425274,0.044,15.293,15.337,40,37.266
425284,0.044,15.007,15.051,40,37.266
425294,0.088,14.963,15.051,40,37.266
425304,0.11,15.205,15.315,40,37.266
425314,0.132,15.447,15.579,40,37.266
425324,0.022,15.491,15.513,40,37.266
425334,0.022,15.381,15.403,40,37.266
425344,0.11,15.205,15.315,40,37.266
425354,0.088,15.183,15.271,40,37.266
425364,0.022,15.161,15.183,40,37.266
425374,0.176,15.293,15.469,40,37.178
425384,0.088,15.359,15.447,40,37.266
425394,0.044,15.249,15.293,40,37.266
425404,0.132,15.117,15.249,40,37.266
425414,0.066,14.919,14.985,40,37.266
425424,0.088,15.491,15.579,40,37.266
425434,0.11,15.447,15.557,40,37.266
425444,0.066,15.315,15.381,40,37.266
425454,0.088,15.337,15.425,40,37.266
425464,0.044,15.095,15.139,40,37.266
425474,0.11,15.271,15.381,40,37.266
425484,0.132,15.183,15.315,40,37.266
425494,0.11,14.744,14.854,40,37.178
425504,0.044,15.469,15.513,40,37.266
425514,0.132,14.919,15.051,40,37.266
425524,0.11,15.425,15.535,40,37.266
425534,0.11,15.183,15.293,40,37.266
425544,0.11,14.963,15.073,40,37.178
425554,0.11,15.645,15.754,40,37.266
425564,0.11,15.161,15.271,40,37.266
425574,0.11,15.139,15.249,40,37.266
425584,0.11,15.117,15.227,40,37.266
425594,0.044,14.985,15.029,40,37.266
425604,0.11,15.117,15.227,40,37.266
425614,0.132,15.227,15.359,40,37.266
425624,0.066,15.645,15.71,40,37.266
425634,0.088,14.832,14.919,40,37.266
425644,0.132,15.271,15.403,40,37.266
425654,0.11,14.832,14.941,40,37.266
425664,0.132,14.919,15.051,40,37.266
425674,0.088,15.337,15.425,40,37.266
425684,0.11,15.535,15.645,40,37.266
425694,0.088,14.963,15.051,40,37.266
425704,0.022,14.941,14.963,40,37.266
425714,0.132,15.205,15.337,40,37.266
425724,0.088,15.073,15.161,40,37.178
425734,0.11,15.491,15.601,40,37.266
425744,0.044,15.293,15.337,40,37.266
425754,0.066,15.403,15.469,40,37.266
425764,0.154,15.139,15.293,40,37.178
425774,0.132,15.227,15.359,40,37.178
425784,0.044,15.71,15.754,40,37.178
425794,0.088,15.205,15.293,40,37.178
425804,0.176,15.469,15.645,40,37.266
425814,0.044,14.897,14.941,40,37.266
425824,0.11,15.315,15.425,40,37.266
425834,0.088,15.381,15.469,40,37.266
425844,0.11,15.095,15.205,40,37.178
425854,0.066,15.117,15.183,40,37.266
425864,0.088,15.293,15.381,40,37.266
425874,0.088,14.985,15.073,40,37.266
425884,0.11,15.227,15.337,40,37.178
425894,0.066,15.029,15.095,40,37.266
425904,0.044,15.227,15.271,40,37.266
425914,0.132,15.117,15.249,40,37.178
425924,0.088,15.535,15.623,40,37.266
425934,0.11,15.095,15.205,40,37.266
425944,0.132,15.381,15.513,40,37.266
425954,0.044,15.161,15.205,40,37.266
425964,0,15.337,15.337,40,37.266
425974,0.066,15.249,15.315,40,37.266
425984,0.088,15.557,15.645,40,37.266
425994,0.044,15.403,15.447,40,37.178
426004,0.022,15.249,15.271,40,37.266
426014,0.11,14.832,14.941,40,37.266
426024,0.022,15.491,15.513,40,37.266
426034,0.066,15.513,15.579,40,37.178
426044,0.044,14.941,14.985,40,37.178
426054,0.022,15.359,15.381,40,37.178
426064,0.022,15.139,15.161,40,37.266
426074,0.088,15.139,15.227,40,37.266
426084,0.088,15.315,15.403,40,37.266
426094,0,15.381,15.381,40,37.266
426104,0.022,14.985,15.007,40,37.266
426114,0.022,15.667,15.688,40,37.266
426124,0.066,15.117,15.183,40,37.266
426134,0.022,15.161,15.183,40,37.178
426144,0,15.161,15.161,40,37.266
426154,0.044,15.337,15.381,40,37.178
426164,0.088,15.403,15.491,40,37.178
426174,0.066,15.82,15.886,40,37.266
426184,0.022,15.381,15.403,40,37.178
426194,0.022,15.381,15.403,40,37.266
426204,0,15.029,15.029,40,37.266
426214,0.022,14.985,15.007,40,37.266
426224,0.022,15.337,15.359,40,37.266
426234,-0.022,14.897,14.875,40,37.178
426244,0.044,15.315,15.359,40,37.266
426254,0.066,15.315,15.381,40,37.266
426264,0.088,15.732,15.82,40,37.266
426274,-0.022,15.161,15.139,40,37.266
426284,-0.022,15.337,15.315,40,37.266
426294,0,15.183,15.183,40,37.266
426304,-0.066,15.645,15.579,40,37.266
426314,0.022,15.469,15.491,40,37.266
426324,0,15.227,15.227,40,37.266
426334,0,15.469,15.469,40,37.266
426344,0,15.029,15.029,40,37.266
426354,-0.022,15.535,15.513,40,37.266
426364,-0.044,15.227,15.183,40,37.266
426374,-0.066,15.403,15.337,40,37.266
426384,-0.022,15.029,15.007,40,37.266
426394,0.022,14.963,14.985,40,37.266
426404,-0.022,15.249,15.227,40,37.266
426414,0.022,15.227,15.249,40,37.266
426424,0.022,15.117,15.139,40,37.266
426434,0.022,15.337,15.359,40,37.266
426444,0.044,15.381,15.425,40,37.266
426454,-0.044,15.205,15.161,40,37.266
426464,-0.066,15.688,15.623,40,37.266
426474,-0.044,15.205,15.161,40,37.266
426484,0,15.227,15.227,40,37.178
426494,-0.022,15.337,15.315,40,37.266
426504,-0.022,15.205,15.183,40,37.266
426514,-0.022,15.139,15.117,40,37.266
426524,-0.044,15.161,15.117,40,37.266
426534,0.044,15.073,15.117,40,37.266
426544,0,15.447,15.447,40,37.266
426554,-0.022,15.601,15.579,40,37.266
426564,0.022,15.688,15.71,40,37.266
426574,0.044,15.491,15.535,40,37.178
426584,0.044,14.985,15.029,40,37.266
426594,-0.022,15.776,15.754,40,37.178
426604,0,15.205,15.205,40,37.266
426614,0,15.029,15.029,40,37.266
426624,-0.022,15.095,15.073,40,37.178
426634,0,15.513,15.513,40,37.266
426644,-0.022,14.897,14.875,40,37.178
426654,-0.044,15.205,15.161,40,37.266
426664,0.022,15.073,15.095,40,37.266
426674,0.044,15.359,15.403,40,37.266
426684,0.044,15.271,15.315,40,37.266
426694,-0.044,15.293,15.249,40,37.266
426704,-0.066,15.161,15.095,40,37.178
426714,0,14.985,14.985,40,37.178
426724,-0.044,15.161,15.117,40,37.266
426734,0,15.403,15.403,40,37.266
426744,0.044,15.029,15.073,40,37.178
426754,0.044,15.205,15.249,40,37.266
426764,0.022,15.359,15.381,40,37.266
426774,0.066,15.139,15.205,40,37.266
426784,0.022,14.919,14.941,40,37.266
426794,0,15.205,15.205,40,37.266
426804,0,15.381,15.381,40,37.266
426814,-0.044,15.183,15.139,40,37.178
426824,-0.022,15.227,15.205,40,37.266
426834,0.044,15.491,15.535,40,37.266
426844,0,15.293,15.293,40,37.266
426854,0,15.71,15.71,40,37.266
426864,0.022,15.688,15.71,40,37.266
426874,0.022,15.139,15.161,40,37.266
426884,0.022,15.491,15.513,40,37.266
426894,0.066,15.293,15.359,40,37.178
426904,0.066,15.337,15.403,40,37.178
426914,0.088,14.963,15.051,40,37.178
426924,0.022,14.897,14.919,40,37.266
426934,0.044,15.117,15.161,40,37.178
426944,0.044,15.073,15.117,40,37.266
426954,0.11,15.073,15.183,40,37.178
426964,0,15.381,15.381,40,37.266
426974,0.11,15.469,15.579,40,37.178
426984,0.066,16.26,16.326,40,37.266
426994,-0.022,15.007,14.985,40,37.266
427004,0.022,15.315,15.337,40,37.266
427014,0.066,15.095,15.161,40,37.178
427024,0.044,15.271,15.315,40,37.178
427034,0.11,15.249,15.359,40,37.266
427044,0.088,15.007,15.095,40,37.266
427054,0.11,15.623,15.732,40,37.266
427064,0,14.919,14.919,40,37.266
427074,0.066,15.491,15.557,40,37.178
427084,0.088,15.205,15.293,40,37.266
427094,0,15.205,15.205,40,37.178
427104,0.044,14.963,15.007,40,37.266
427114,0.088,14.941,15.029,40,37.266
427124,0.11,16.084,16.194,40,37.266
427134,0.066,15.183,15.249,40,37.266
427144,0.11,14.963,15.073,40,37.266
427154,0,15.688,15.688,40,37.178
427164,0.022,15.337,15.359,40,37.266
427174,0.066,15.029,15.095,40,37.178
427184,0.066,15.095,15.161,40,37.266
427194,0.088,15.007,15.095,40,37.266
427204,0.088,15.315,15.403,40,37.178
427214,0.066,15.161,15.227,40,37.266
427224,0.088,15.073,15.161,40,37.266
427234,0,15.271,15.271,40,37.266
427244,0.022,15.051,15.073,40,37.266
427254,0.022,15.139,15.161,40,37.266
427264,0.066,15.425,15.491,40,37.266
427274,0.11,15.535,15.645,40,37.178
427284,0.11,15.337,15.447,40,37.266
427294,0.132,15.491,15.623,40,37.266
427304,0.11,14.985,15.095,40,37.266
427314,0.132,15.271,15.403,40,37.178
427324,0.022,14.963,14.985,40,37.266
427334,0.022,15.117,15.139,40,37.266
427344,0.066,14.963,15.029,40,37.178
427354,0.132,15.381,15.513,40,37.266
427364,0.154,15.029,15.183,40,37.266
427374,0,14.766,14.766,40,37.178
427384,0.11,15.293,15.403,40,37.266
427394,0.066,15.293,15.359,40,37.178
427404,0.066,15.205,15.271,40,37.178
427414,0.11,15.293,15.403,40,37.266
427424,0.066,15.139,15.205,40,37.178
427434,0.132,15.403,15.535,40,37.266
427444,0.132,15.425,15.557,40,37.266
427454,0.088,15.293,15.381,40,37.178
427464,0.132,14.941,15.073,40,37.266
427474,0.088,14.875,14.963,40,37.266
427484,0.154,15.315,15.469,40,37.266
427494,0.044,15.623,15.667,40,37.266
427504,0.044,15.029,15.073,40,37.178
427514,0.132,15.403,15.535,40,37.178
427524,0.088,15.337,15.425,40,37.266
427534,0.11,14.963,15.073,40,37.266
427544,0.044,15.359,15.403,40,37.178
427554,0.132,15.381,15.513,40,37.178
427564,0.11,15.535,15.645,40,37.266
427574,0.044,14.744,14.788,40,37.266
427584,0.022,15.315,15.337,40,37.266
427594,0.132,15.447,15.579,40,37.266
427604,0.066,15.337,15.403,40,37.266
427614,0.022,14.919,14.941,40,37.266
427624,0.022,15.447,15.469,40,37.266
427634,0.066,15.359,15.425,40,37.266
427644,0.044,15.293,15.337,40,37.178
427654,0.11,15.029,15.139,40,37.266
427664,0.066,15.359,15.425,40,37.178
427674,0.044,15.029,15.073,40,37.266
427684,0.132,15.183,15.315,40,37.266
427694,0.022,15.249,15.271,40,37.178
427704,0.066,15.205,15.271,40,37.266
427714,0.044,15.403,15.447,40,37.266
427724,0.132,15.249,15.381,40,37.266
427734,0.088,15.183,15.271,40,37.266
427744,0.11,15.447,15.557,40,37.266
427754,0.088,15.205,15.293,40,37.178
427764,0.066,15.183,15.249,40,37.266
427774,0.044,15.249,15.293,40,37.178
427784,0.022,15.007,15.029,40,37.266
427794,0.088,15.293,15.381,40,37.178
427804,0.11,15.205,15.315,40,37.266
427814,0.022,15.776,15.798,40,37.266
427824,0.11,15.425,15.535,40,37.266
427834,0.088,15.117,15.205,40,37.266
427844,0.044,15.139,15.183,40,37.266
427854,0.044,15.469,15.513,40,37.178
427864,0.044,14.81,14.854,40,37.178
427874,0,15.095,15.095,40,37.266
427884,0.022,14.941,14.963,40,37.178
427894,-0.022,15.491,15.469,40,37.266
427904,-0.066,15.095,15.029,40,37.266
427914,0.022,15.315,15.337,40,37.266
427924,0.044,15.205,15.249,40,37.266
427934,0.066,15.183,15.249,40,37.266
427944,0.044,15.469,15.513,40,37.178
427954,0,15.381,15.381,40,37.266
427964,0.044,15.513,15.557,40,37.266
427974,0.022,15.139,15.161,40,37.266
427984,-0.022,15.293,15.271,40,37.266
427994,0.066,15.491,15.557,40,37.178
428004,0,15.491,15.491,40,37.178
428014,0.044,15.183,15.227,40,37.266
428024,0,15.227,15.227,40,37.266
428034,0,15.381,15.381,40,37.266
428044,0.022,15.183,15.205,40,37.266
428054,0,15.161,15.161,40,37.266
428064,0,15.139,15.139,40,37.266
428074,0,15.029,15.029,40,37.266
428084,-0.044,15.623,15.579,40,37.266
428094,0.066,15.447,15.513,40,37.178
428104,0.066,15.293,15.359,40,37.178
428114,0,15.425,15.425,40,37.178
428124,0.044,15.029,15.073,40,37.266
428134,0.044,15.183,15.227,40,37.266
428144,0.044,15.205,15.249,40,37.266
428154,0,15.513,15.513,40,37.266
428164,0.066,15.381,15.447,40,37.266
428174,0,15.227,15.227,40,37.266
428184,0.044,15.513,15.557,40,37.266
428194,0.022,15.249,15.271,40,37.266
428204,-0.044,15.601,15.557,40,37.178
428214,0.022,15.469,15.491,40,37.266
428224,0,15.337,15.337,40,37.178
428234,0,15.007,15.007,40,37.266
428244,0.044,15.205,15.249,40,37.266
428254,-0.022,15.139,15.117,40,37.266
428264,-0.044,15.227,15.183,40,37.266
428274,0,15.095,15.095,40,37.266
428284,-0.044,14.854,14.81,40,37.266
428294,-0.022,15.095,15.073,40,37.266
428304,-0.044,15.403,15.359,40,37.266
428314,0,15.315,15.315,40,37.178
428324,0,15.315,15.315,40,37.178
428334,-0.022,15.381,15.359,40,37.178
428344,0.044,15.337,15.381,40,37.266
428354,0,15.227,15.227,40,37.266
428364,0,15.227,15.227,40,37.266
428374,0,15.337,15.337,40,37.266
428384,0,15.667,15.667,40,37.266
428394,0.022,15.139,15.161,40,37.178
428404,-0.066,15.161,15.095,40,37.266
428414,0,14.897,14.897,40,37.266
428424,-0.022,15.161,15.139,40,37.178
428434,-0.044,15.293,15.249,40,37.266
428444,-0.044,15.513,15.469,40,37.266
428454,0,15.293,15.293,40,37.266
428464,0,15.271,15.271,40,37.266
428474,-0.044,15.029,14.985,40,37.266
428484,0.022,15.469,15.491,40,37.266
428494,0.022,15.117,15.139,40,37.266
428504,-0.022,15.359,15.337,40,37.266
428514,0.088,14.788,14.875,40,37.266
428524,-0.066,14.941,14.875,40,37.266
428534,-0.022,15.293,15.271,40,37.266
428544,-0.044,14.963,14.919,40,37.266
428554,-0.088,15.403,15.315,40,37.266
428564,0.022,15.447,15.469,40,37.266
428574,0.022,15.359,15.381,40,37.266
428584,-0.022,15.161,15.139,40,37.178
428594,0.022,15.359,15.381,40,37.266
428604,0.066,15.425,15.491,40,37.178
428614,0,15.271,15.271,40,37.266
428624,0,15.513,15.513,40,37.266
428634,0.022,15.557,15.579,40,37.266
428644,0,15.293,15.293,40,37.266
428654,-0.022,15.139,15.117,40,37.266
428664,-0.022,15.227,15.205,40,37.266
428674,0.044,15.315,15.359,40,37.266
428684,0.022,14.985,15.007,40,37.266
428694,0,15.293,15.293,40,37.266
428704,0,15.073,15.073,40,37.266
428714,-0.022,15.381,15.359,40,37.266
428724,0.044,15.359,15.403,40,37.266
428734,-0.044,15.007,14.963,40,37.266
428744,0,15.161,15.161,40,37.266
428754,0.044,14.941,14.985,40,37.266
428764,0,15.403,15.403,40,37.266
428774,0.066,14.941,15.007,40,37.266
428784,0.066,15.271,15.337,40,37.266
428794,0.044,14.832,14.875,40,37.266
428804,0.022,15.469,15.491,40,37.266
428814,0.022,15.293,15.315,40,37.178
428824,0.066,15.469,15.535,40,37.266
428834,0.044,15.71,15.754,40,37.266
428844,0.022,15.095,15.117,40,37.266
428854,0.044,14.897,14.941,40,37.266
428864,0.044,15.271,15.315,40,37.178
428874,0.044,15.183,15.227,40,37.266
428884,0,15.205,15.205,40,37.266
428894,0,15.623,15.623,40,37.266
428904,-0.022,14.854,14.832,40,37.266
428914,0,15.117,15.117,40,37.266
428924,0.044,15.161,15.205,40,37.266
428934,0.022,15.447,15.469,40,37.266
428944,0.11,15.117,15.227,40,37.266
428954,0.088,15.029,15.117,40,37.178
428964,0.066,15.183,15.249,40,37.178
428974,0.044,14.919,14.963,40,37.266
428984,0.066,15.205,15.271,40,37.178
428994,0.044,14.985,15.029,40,37.178
429004,0.044,15.337,15.381,40,37.266
429014,0.022,15.293,15.315,40,37.178
429024,0.088,15.205,15.293,40,37.266
429034,0.11,15.557,15.667,40,37.266
429044,0.088,15.117,15.205,40,37.266
429054,0.022,15.007,15.029,40,37.266
429064,0.044,15.029,15.073,40,37.178
429074,0.066,15.249,15.315,40,37.266
429084,0.088,15.183,15.271,40,37.178
429094,0.11,15.447,15.557,40,37.266
429104,0.066,15.535,15.601,40,37.178
429114,0.088,15.249,15.337,40,37.266
429124,0.176,15.315,15.491,40,37.266
429134,0.088,15.447,15.535,40,37.178
429144,0.11,15.447,15.557,40,37.178
429154,0.11,15.183,15.293,40,37.266
429164,0.088,15.029,15.117,40,37.178
429174,0.088,15.205,15.293,40,37.266
429184,0.088,15.403,15.491,40,37.266
429194,0.132,15.293,15.425,40,37.178
429204,0.044,15.579,15.623,40,37.266
429214,0.088,15.227,15.315,40,37.266
429224,0.066,15.007,15.073,40,37.266
429234,0.066,15.513,15.579,40,37.266
429244,0.088,15.227,15.315,40,37.266
429254,0.022,15.227,15.249,40,37.266
429264,0.044,14.919,14.963,40,37.178
429274,0.11,15.293,15.403,40,37.178
429284,0.088,15.051,15.139,40,37.266
429294,0.088,15.381,15.469,40,37.178
429304,0.11,15.271,15.381,40,37.178
429314,0.088,15.271,15.359,40,37.178
429324,0.11,15.359,15.469,40,37.178
429334,0.044,15.051,15.095,40,37.178
429344,0.044,15.491,15.535,40,37.178
429354,0.044,15.095,15.139,40,37.266
429364,0.088,15.139,15.227,40,37.178
429374,0.044,15.403,15.447,40,37.266
429384,0.11,15.315,15.425,40,37.266
429394,0.11,14.985,15.095,40,37.266
429404,0.066,15.095,15.161,40,37.178
429414,0.022,15.403,15.425,40,37.266
429424,0.132,15.447,15.579,40,37.266
429434,0.044,15.249,15.293,40,37.266
429444,0.066,14.81,14.875,40,37.266
429454,0.11,14.788,14.897,40,37.266
429464,0.044,15.227,15.271,40,37.266
429474,0.066,15.161,15.227,40,37.178
429484,0,15.623,15.623,40,37.266
429494,0.11,14.985,15.095,40,37.266
429504,0.11,15.029,15.139,40,37.266
429514,0.044,15.051,15.095,40,37.266
429524,0.088,15.095,15.183,40,37.266
429534,0.066,15.073,15.139,40,37.178
429544,0.044,15.073,15.117,40,37.266
429554,0.066,15.249,15.315,40,37.266
429564,0.066,15.249,15.315,40,37.266
429574,0.066,15.513,15.579,40,37.266
429584,0.132,15.469,15.601,40,37.266
429594,0.066,15.359,15.425,40,37.266
429604,0.022,15.535,15.557,40,37.266
429614,0.132,15.095,15.227,40,37.178
429624,0.11,15.117,15.227,40,37.266
429634,-0.044,15.425,15.381,40,37.178
429644,0.088,15.535,15.623,40,37.178
429654,0.044,15.095,15.139,40,37.266
429664,0.044,15.337,15.381,40,37.266
429674,0.044,15.579,15.623,40,37.178
429684,0.088,15.073,15.161,40,37.266
429694,0.088,15.293,15.381,40,37.266
429704,0.066,14.963,15.029,40,37.266
429714,0.088,15.161,15.249,40,37.266
429724,-0.044,14.722,14.678,40,37.178
429734,0.066,15.051,15.117,40,37.266
429744,0.088,14.832,14.919,40,37.266
429754,0.066,15.007,15.073,40,37.266
429764,0.066,15.073,15.139,40,37.266
429774,0.044,15.073,15.117,40,37.266
429784,0.044,14.875,14.919,40,37.266
429794,0.044,15.271,15.315,40,37.266
429804,0.066,14.854,14.919,40,37.266
429814,0.044,15.007,15.051,40,37.266
429824,0.044,15.271,15.315,40,37.266
429834,0.066,15.095,15.161,40,37.266
429844,0.022,15.249,15.271,40,37.266
429854,0.022,15.205,15.227,40,37.266
429864,0.044,15.029,15.073,40,37.178
429874,0.044,14.963,15.007,40,37.178
429884,0.066,15.535,15.601,40,37.178
429894,0.066,15.996,16.062,40,37.266
429904,0.044,15.842,15.886,40,37.266
429914,0.022,15.161,15.183,40,37.266
429924,-0.044,15.293,15.249,40,37.178
429934,0.044,15.205,15.249,40,37.266
429944,0.044,15.117,15.161,40,37.266
429954,-0.022,15.71,15.688,40,37.266
429964,0.022,15.051,15.073,40,37.178
429974,0.11,14.897,15.007,40,37.178
429984,0,14.766,14.766,40,37.266
429994,0.088,15.227,15.315,40,37.178
430004,-0.022,14.985,14.963,40,37.266
430014,0.044,15.425,15.469,40,37.266
430024,0,15.71,15.71,40,37.178
430034,-0.022,15.007,14.985,40,37.266
430044,0.022,15.073,15.095,40,37.178
430054,0.044,15.161,15.205,40,37.178
430064,0.044,15.513,15.557,40,37.266
430074,0,14.941,14.941,40,37.266
430084,-0.022,15.051,15.029,40,37.178
430094,0,15.491,15.491,40,37.266
430104,0,15.293,15.293,40,37.266
430114,-0.066,15.579,15.513,40,37.178
430124,0.022,15.117,15.139,40,37.266
430134,-0.044,15.293,15.249,40,37.178
430144,0.022,15.271,15.293,40,37.178
430154,-0.022,15.403,15.381,40,37.266
430164,0.066,15.183,15.249,40,37.266
430174,0.044,15.688,15.732,40,37.266
430184,0.022,15.71,15.732,40,37.178
430194,0.022,15.513,15.535,40,37.266
430204,0,15.337,15.337,40,37.266
430214,-0.022,14.875,14.854,40,37.266
430224,0.022,15.161,15.183,40,37.266
430234,0,14.963,14.963,40,37.266
430244,0.066,15.776,15.842,40,37.266
430254,0.044,15.557,15.601,40,37.178
430264,0.044,15.403,15.447,40,37.178
430274,0.044,14.941,14.985,40,37.266
430284,-0.022,15.029,15.007,40,37.266
430294,0.044,14.985,15.029,40,37.266
430304,0.044,15.337,15.381,40,37.266
430314,-0.044,15.249,15.205,40,37.266
430324,0.044,15.557,15.601,40,37.266
430334,-0.022,15.623,15.601,40,37.266
