tf,tw,te,tr,trig,a0,surv,cyc,Amax,gam
0.04,0.02,0.09,0.04,0.4,0.5,20.0,69,6.42,22.2
0.04,0.02,0.09,0.04,0.6,0.5,20.0,44,7.04,22.2
0.04,0.02,0.09,0.06,0.4,0.5,20.0,74,7.69,25.2
0.04,0.02,0.09,0.06,0.6,0.5,20.0,45,6.81,25.2
0.04,0.02,0.11,0.04,0.4,0.5,4.91,21,87.31,20.5
0.04,0.02,0.11,0.04,0.6,0.5,20.0,43,6.62,20.5
0.04,0.02,0.11,0.06,0.4,0.5,4.31,18,102.39,23.3
0.04,0.02,0.11,0.06,0.6,0.5,20.0,48,7.25,23.3
0.04,0.02,0.13,0.04,0.4,0.5,4.99,18,84.03,19.1
0.04,0.02,0.13,0.04,0.6,0.5,18.26,43,97.12,19.1
0.04,0.02,0.13,0.06,0.4,0.5,5.97,22,100.52,21.7
0.04,0.02,0.13,0.06,0.6,0.5,20.0,46,6.48,21.7
0.04,0.04,0.09,0.04,0.4,0.5,20.0,66,7.1,19.0
0.04,0.04,0.09,0.04,0.6,0.5,20.0,41,6.38,19.0
0.04,0.04,0.09,0.06,0.4,0.5,20.0,73,7.61,21.6
0.04,0.04,0.09,0.06,0.6,0.5,20.0,44,6.42,21.6
0.04,0.04,0.11,0.04,0.4,0.5,2.98,12,81.21,17.9
0.04,0.04,0.11,0.04,0.6,0.5,7.34,17,83.64,17.9
0.04,0.04,0.11,0.06,0.4,0.5,20.0,71,7.66,20.3
0.04,0.04,0.11,0.06,0.6,0.5,20.0,50,6.47,20.3
0.04,0.04,0.13,0.04,0.4,0.5,3.13,12,85.2,16.9
0.04,0.04,0.13,0.04,0.6,0.5,9.81,28,101.54,16.9
0.04,0.04,0.13,0.06,0.4,0.5,6.69,21,89.2,19.3
0.04,0.04,0.13,0.06,0.6,0.5,20.0,51,17.59,19.3
0.04,0.06,0.09,0.04,0.4,0.5,11.9,43,84.09,16.8
0.04,0.06,0.09,0.04,0.6,0.5,20.0,41,6.06,16.8
0.04,0.06,0.09,0.06,0.4,0.5,3.66,14,93.62,19.1
0.04,0.06,0.09,0.06,0.6,0.5,20.0,52,6.22,19.1
0.04,0.06,0.11,0.04,0.4,0.5,6.37,23,99.87,16.0
0.04,0.06,0.11,0.04,0.6,0.5,20.0,42,5.8,16.0
0.04,0.06,0.11,0.06,0.4,0.5,6.61,20,96.15,18.2
0.04,0.06,0.11,0.06,0.6,0.5,5.44,17,77.39,18.2
0.04,0.06,0.13,0.04,0.4,0.5,2.51,9,96.21,15.4
0.04,0.06,0.13,0.04,0.6,0.5,15.92,36,104.25,15.4
0.04,0.06,0.13,0.06,0.4,0.5,5.91,19,93.21,17.5
0.04,0.06,0.13,0.06,0.6,0.5,8.09,22,76.27,17.5
0.06,0.02,0.09,0.04,0.4,0.5,20.0,68,7.27,21.6
0.06,0.02,0.09,0.04,0.6,0.5,20.0,47,6.71,21.6
0.06,0.02,0.09,0.06,0.4,0.5,20.0,74,7.84,24.6
0.06,0.02,0.09,0.06,0.6,0.5,20.0,51,7.37,24.6
0.06,0.02,0.11,0.04,0.4,0.5,20.0,71,7.26,20.2
0.06,0.02,0.11,0.04,0.6,0.5,20.0,47,6.87,20.2
0.06,0.02,0.11,0.06,0.4,0.5,20.0,70,7.68,22.9
0.06,0.02,0.11,0.06,0.6,0.5,20.0,55,7.64,22.9
0.06,0.02,0.13,0.04,0.4,0.5,20.0,70,8.07,19.0
0.06,0.02,0.13,0.04,0.6,0.5,20.0,48,6.98,19.0
0.06,0.02,0.13,0.06,0.4,0.5,20.0,62,7.98,21.6
0.06,0.02,0.13,0.06,0.6,0.5,20.0,51,7.18,21.6
0.06,0.04,0.09,0.04,0.4,0.5,19.09,65,88.51,18.9
0.06,0.04,0.09,0.04,0.6,0.5,20.0,45,5.69,18.9
0.06,0.04,0.09,0.06,0.4,0.5,20.0,69,7.51,21.4
0.06,0.04,0.09,0.06,0.6,0.5,20.0,53,7.17,21.4
0.06,0.04,0.11,0.04,0.4,0.5,15.36,50,80.4,17.9
0.06,0.04,0.11,0.04,0.6,0.5,20.0,48,7.24,17.9
0.06,0.04,0.11,0.06,0.4,0.5,20.0,62,7.67,20.3
0.06,0.04,0.11,0.06,0.6,0.5,20.0,55,7.26,20.3
0.06,0.04,0.13,0.04,0.4,0.5,2.76,10,101.98,17.1
0.06,0.04,0.13,0.04,0.6,0.5,9.77,27,83.22,17.1
0.06,0.04,0.13,0.06,0.4,0.5,20.0,60,8.03,19.4
0.06,0.04,0.13,0.06,0.6,0.5,11.62,35,74.55,19.4
0.06,0.06,0.09,0.04,0.4,0.5,20.0,69,6.79,17.0
0.06,0.06,0.09,0.04,0.6,0.5,3.5,11,111.77,17.0
0.06,0.06,0.09,0.06,0.4,0.5,20.0,64,6.98,19.3
0.06,0.06,0.09,0.06,0.6,0.5,11.24,33,83.76,19.3
0.06,0.06,0.11,0.04,0.4,0.5,5.53,19,83.85,16.3
0.06,0.06,0.11,0.04,0.6,0.5,4.23,13,95.39,16.3
0.06,0.06,0.11,0.06,0.4,0.5,6.2,19,119.48,18.5
0.06,0.06,0.11,0.06,0.6,0.5,20.0,56,7.06,18.5
0.06,0.06,0.13,0.04,0.4,0.5,2.33,8,106.58,15.7
0.06,0.06,0.13,0.04,0.6,0.5,2.63,9,97.82,15.7
0.06,0.06,0.13,0.06,0.4,0.5,16.82,51,88.16,17.8
0.06,0.06,0.13,0.06,0.6,0.5,3.49,10,72.97,17.8
0.08,0.02,0.09,0.04,0.4,0.5,20.0,60,7.43,21.3
0.08,0.02,0.09,0.04,0.6,0.5,20.0,43,5.74,21.3
0.08,0.02,0.09,0.06,0.4,0.5,18.3,59,96.87,24.2
0.08,0.02,0.09,0.06,0.6,0.5,8.44,22,108.27,24.2
0.08,0.02,0.11,0.04,0.4,0.5,20.0,60,6.53,20.1
0.08,0.02,0.11,0.04,0.6,0.5,10.37,28,70.75,20.1
0.08,0.02,0.11,0.06,0.4,0.5,20.0,60,7.36,22.8
0.08,0.02,0.11,0.06,0.6,0.5,20.0,57,8.24,22.8
0.08,0.02,0.13,0.04,0.4,0.5,18.52,57,81.88,19.0
0.08,0.02,0.13,0.04,0.6,0.5,16.27,41,89.04,19.0
0.08,0.02,0.13,0.06,0.4,0.5,20.0,62,8.13,21.6
0.08,0.02,0.13,0.06,0.6,0.5,20.0,57,8.36,21.6
0.08,0.04,0.09,0.04,0.4,0.5,20.0,64,7.51,18.9
0.08,0.04,0.09,0.04,0.6,0.5,20.0,39,5.26,18.9
0.08,0.04,0.09,0.06,0.4,0.5,6.98,22,95.98,21.5
0.08,0.04,0.09,0.06,0.6,0.5,20.0,59,6.65,21.5
0.08,0.04,0.11,0.04,0.4,0.5,20.0,64,7.45,18.1
0.08,0.04,0.11,0.04,0.6,0.5,20.0,53,8.25,18.1
0.08,0.04,0.11,0.06,0.4,0.5,20.0,60,7.92,20.5
0.08,0.04,0.11,0.06,0.6,0.5,20.0,57,7.68,20.5
0.08,0.04,0.13,0.04,0.4,0.5,15.06,43,90.43,17.3
0.08,0.04,0.13,0.04,0.6,0.5,12.86,33,61.43,17.3
0.08,0.04,0.13,0.06,0.4,0.5,4.97,13,94.99,19.7
0.08,0.04,0.13,0.06,0.6,0.5,8.71,24,102.21,19.7
0.08,0.06,0.09,0.04,0.4,0.5,5.22,17,94.16,17.2
0.08,0.06,0.09,0.04,0.6,0.5,20.0,45,6.95,17.2
0.08,0.06,0.09,0.06,0.4,0.5,20.0,63,7.49,19.6
0.08,0.06,0.09,0.06,0.6,0.5,7.71,22,104.68,19.6
0.08,0.06,0.11,0.04,0.4,0.5,2.7,9,95.55,16.6
0.08,0.06,0.11,0.04,0.6,0.5,20.0,51,7.56,16.6
0.08,0.06,0.11,0.06,0.4,0.5,20.0,57,7.58,18.9
0.08,0.06,0.11,0.06,0.6,0.5,20.0,57,7.52,18.9
0.08,0.06,0.13,0.04,0.4,0.5,2.51,8,110.96,16.0
0.08,0.06,0.13,0.04,0.6,0.5,4.53,13,89.71,16.0
0.08,0.06,0.13,0.06,0.4,0.5,7.31,20,90.61,18.2
0.08,0.06,0.13,0.06,0.6,0.5,20.0,48,7.87,18.2
